id,first_name,second_name,web_name,team,position,ict_index,points_per_game,selected_by_percent,total_points,minutes,goals_scored,assists,clean_sheets,bonus,form,value_form,value_season,goals_conceded,own_goals,penalties_saved,penalties_missed,yellow_cards,red_cards,saves,chance_of_playing_next_round,Cost
1,Shkodran,Mustafi,Mustafi,ARS,DEF,22.2,3.2,0.3,19,440,0,2,1,1,3.2,0.6,3.7,7,0,0,0,0,0,0,100.0,5.1
2,Héctor,Bellerín,Bellerín,ARS,DEF,16.1,3.4,0.7,17,442,1,0,1,3,4.0,0.7,3.1,8,0,0,0,2,0,0,100.0,5.4
3,Sead,Kolasinac,Kolasinac,ARS,DEF,41.2,2.1,0.5,34,1086,0,2,2,1,0.5,0.1,6.5,18,0,0,0,3,0,0,50.0,5.2
4,Ainsley,Maitland-Niles,Maitland-Niles,ARS,DEF,44.9,2.6,2.5,36,1210,0,2,3,3,0.8,0.2,7.8,19,0,0,0,3,1,0,100.0,4.6
5,Sokratis,Papastathopoulos,Sokratis,ARS,DEF,57.1,2.9,1.4,52,1606,2,0,3,5,0.5,0.1,10.6,25,0,0,0,5,0,0,100.0,4.9
6,Nacho,Monreal,Monreal,ARS,DEF,10.0,3.3,0.2,10,270,0,0,1,1,0.0,0.0,2.0,4,0,0,0,0,0,0,0.0,5.0
7,Laurent,Koscielny,Koscielny,ARS,DEF,0.0,0.0,0.1,0,0,0,0,0,0,0.0,0.0,0.0,0,0,0,0,0,0,0,0.0,5.0
8,Konstantinos,Mavropanos,Mavropanos,ARS,DEF,0.0,0.0,0.0,0,0,0,0,0,0,0.0,0.0,0.0,0,0,0,0,0,0,0,0.0,4.4
9,Carl,Jenkinson,Jenkinson,ARS,DEF,0.0,0.0,0.0,0,0,0,0,0,0,0.0,0.0,0.0,0,0,0,0,0,0,0,0.0,4.5
10,Rob,Holding,Holding,ARS,DEF,1.6,1.0,0.1,2,85,0,0,0,0,0.2,0.0,0.4,3,0,0,0,0,0,0,100.0,4.5
11,Pierre-Emerick,Aubameyang,Aubameyang,ARS,FWD,183.3,5.6,16.6,129,2033,14,3,5,24,1.5,0.1,11.9,31,0,0,0,3,1,0,100.0,10.8
12,Alexandre,Lacazette,Lacazette,ARS,FWD,119.1,3.4,2.1,62,1275,5,3,3,6,2.5,0.3,6.7,18,0,0,0,5,0,0,100.0,9.3
13,Edward,Nketiah,Nketiah,ARS,FWD,1.9,1.0,0.6,2,17,0,0,0,0,0.5,0.1,0.5,1,0,0,0,0,0,0,100.0,4.3
14,Bernd,Leno,Leno,ARS,GKP,69.4,3.6,5.2,89,2250,0,0,5,6,3.5,0.7,17.8,34,0,1,0,2,0,93,,5.0
15,Mesut,Özil,Özil,ARS,MID,79.1,2.5,1.1,37,1180,0,2,3,1,1.8,0.2,5.1,18,0,0,0,1,0,0,100.0,7.2
16,Henrikh,Mkhitaryan,Mkhitaryan,ARS,MID,8.6,1.3,0.8,4,110,0,0,1,0,0.0,0.0,0.6,0,0,0,0,1,0,0,0.0,6.8
17,Alex,Iwobi,Iwobi,EVE,MID,73.5,2.2,0.9,37,1103,1,0,1,2,0.5,0.1,6.6,23,0,0,0,0,0,0,100.0,5.6
18,Granit,Xhaka,Xhaka,ARS,MID,59.4,2.1,0.6,40,1634,0,1,5,0,1.8,0.4,7.8,23,0,0,0,6,0,0,100.0,5.1
19,Lucas,Torreira,Torreira,ARS,MID,65.7,1.9,1.3,42,1343,1,1,3,0,2.0,0.4,8.9,20,0,0,0,4,0,0,100.0,4.7
20,Mohamed,Elneny,Elneny,ARS,MID,0.0,0.0,0.6,0,0,0,0,0,0,0.0,0.0,0.0,0,0,0,0,0,0,0,0.0,4.3
21,Matteo,Guendouzi,Guendouzi,ARS,MID,69.7,2.0,5.7,43,1580,0,2,3,2,1.0,0.2,10.0,27,0,0,0,6,0,0,,4.3
22,Ahmed,El Mohamady,El Mohamady,AVL,DEF,43.6,1.7,0.9,19,701,0,1,1,5,-0.2,0.0,4.5,24,0,0,0,0,0,0,,4.2
23,James,Chester,Chester,AVL,DEF,0.0,0.0,0.1,0,0,0,0,0,0,0.0,0.0,0.0,0,0,0,0,0,0,0,0.0,4.3
24,Neil,Taylor,Taylor,AVL,DEF,17.5,1.7,0.2,17,793,0,0,2,0,-0.2,0.0,4.0,19,0,0,0,2,0,0,,4.3
25,Kortney,Hause,Hause,AVL,DEF,25.9,1.4,0.1,13,810,0,0,1,0,0.8,0.2,3.0,19,0,0,0,2,0,0,100.0,4.4
26,Jonathan,Kodjia,Kodjia,AVL,FWD,3.8,0.8,0.1,5,111,0,0,0,0,0.0,0.0,0.9,6,0,0,0,1,0,0,0.0,5.4
27,Ørjan,Nyland,Nyland,AVL,GKP,5.8,1.0,0.2,3,177,0,0,0,0,0.0,0.0,0.7,8,0,0,0,0,0,8,100.0,4.3
28,Conor,Hourihane,Hourihane,AVL,MID,67.0,3.1,0.2,50,843,3,2,2,6,0.5,0.1,8.8,23,0,0,0,3,0,0,100.0,5.7
29,Jack,Grealish,Grealish,AVL,MID,204.7,4.7,25.4,109,2063,7,6,4,14,3.8,0.6,16.3,43,0,0,1,6,0,0,100.0,6.7
30,Anwar,El Ghazi,El Ghazi,AVL,MID,126.0,3.3,0.9,72,1550,4,4,4,0,2.8,0.5,13.1,35,0,0,0,3,0,0,100.0,5.5
31,John,McGinn,McGinn,AVL,MID,113.5,3.4,2.8,61,1537,3,2,3,4,0.0,0.0,11.3,30,0,0,0,2,0,0,0.0,5.4
32,Andre,Green,Green,AVL,MID,0.0,0.0,0.0,0,0,0,0,0,0,0.0,0.0,0.0,0,0,0,0,0,0,0,0.0,4.8
33,Birkir,Bjarnason,Bjarnason,AVL,MID,0.0,0.0,0.0,0,0,0,0,0,0,0.0,0.0,0.0,0,0,0,0,0,0,0,0.0,4.5
34,Keinan,Davis,Davis,AVL,MID,13.0,1.4,0.2,10,106,0,1,0,0,1.0,0.2,2.3,1,0,0,0,0,0,0,75.0,4.3
35,Henri,Lansbury,Lansbury,AVL,MID,5.5,1.2,0.4,11,189,0,0,0,0,0.2,0.0,2.5,6,0,0,0,0,0,0,100.0,4.4
36,José Ignacio,Peleteiro Romallo,Jota,AVL,MID,14.9,1.9,0.1,15,310,0,1,2,0,0.0,0.0,2.6,4,0,0,0,0,0,0,100.0,5.8
37,Shane,Duffy,Duffy,BHA,DEF,27.3,2.4,0.9,31,891,1,0,2,0,0.2,0.0,6.5,13,0,0,0,1,0,0,75.0,4.8
38,Martín,Montoya,Montoya,BHA,DEF,72.6,2.6,0.7,54,1536,0,1,5,3,1.0,0.2,12.3,24,0,0,0,3,0,0,100.0,4.4
39,Bernardo,Fernandes da Silva Junior,Bernardo,BHA,DEF,26.4,1.9,0.1,17,540,0,0,1,3,1.2,0.3,4.0,12,0,0,0,1,0,0,100.0,4.3
40,Leon,Balogun,Balogun,BHA,DEF,0.0,0.0,0.1,0,0,0,0,0,0,0.0,0.0,0.0,0,0,0,0,0,0,0,0.0,4.4
41,Gaëtan,Bong,Bong,BHA,DEF,5.0,0.8,0.1,3,57,0,0,0,0,0.0,0.0,0.7,3,0,0,0,0,0,0,0.0,4.2
42,Lewis,Dunk,Dunk,BHA,DEF,92.5,3.4,14.1,79,2070,2,3,5,11,1.2,0.3,16.5,33,0,0,0,8,0,0,100.0,4.8
43,Matthew,Clarke,Clarke,BHA,DEF,0.0,0.0,0.0,0,0,0,0,0,0,0.0,0.0,0.0,0,0,0,0,0,0,0,0.0,4.4
44,Glenn,Murray,Murray,BHA,FWD,23.6,1.5,0.7,24,513,1,0,2,0,2.0,0.4,4.4,7,0,0,0,0,0,0,100.0,5.4
45,Jürgen,Locadia,Locadia,BHA,FWD,3.3,1.5,0.1,3,85,0,0,1,0,0.0,0.0,0.6,1,0,0,0,0,0,0,100.0,5.2
46,Florin,Andone,Andone,BHA,FWD,7.6,1.7,0.4,5,71,1,0,0,1,0.0,0.0,1.1,2,0,0,0,0,1,0,0.0,4.7
47,Mathew,Ryan,Ryan,BHA,GKP,72.4,3.6,16.3,89,2250,0,0,5,11,2.0,0.4,18.2,37,0,0,0,0,0,86,,4.9
48,David,Button,Button,BHA,GKP,0.0,0.0,20.6,0,0,0,0,0,0,0.0,0.0,0.0,0,0,0,0,0,0,0,,3.9
49,Pascal,Groß,Groß,BHA,MID,143.1,3.0,0.5,67,1425,2,5,3,7,2.5,0.4,10.6,24,1,0,0,2,0,0,,6.3
50,Alireza,Jahanbakhsh,Jahanbakhsh,BHA,MID,22.2,4.0,0.1,20,247,2,0,1,2,0.8,0.1,3.4,3,0,0,0,0,0,0,100.0,5.8
51,José Heriberto,Izquierdo Mena,Izquierdo,BHA,MID,0.0,0.0,0.0,0,0,0,0,0,0,0.0,0.0,0.0,0,0,0,0,0,0,0,0.0,5.4
52,Anthony,Knockaert,Knockaert,BHA,MID,0.0,0.0,0.0,0,0,0,0,0,0,0.0,0.0,0.0,0,0,0,0,0,0,0,0.0,5.4
53,Yves,Bissouma,Bissouma,BHA,MID,18.9,1.3,0.0,13,402,0,0,1,0,0.0,0.0,2.6,5,0,0,0,1,0,0,100.0,5.0
54,Davy,Pröpper,Pröpper,BHA,MID,88.8,2.5,0.3,55,1980,1,2,4,1,3.0,0.6,11.5,33,1,0,0,3,0,0,100.0,4.8
55,Solomon,March,March,BHA,MID,42.7,2.3,0.2,23,646,0,1,2,3,0.5,0.1,5.0,11,0,0,0,1,0,0,100.0,4.6
56,Beram,Kayal,Kayal,BHA,MID,0.0,0.0,0.2,0,0,0,0,0,0,0.0,0.0,0.0,0,0,0,0,0,0,0,50.0,4.3
57,Dale,Stephens,Stephens,BHA,MID,66.8,2.0,1.9,47,1939,0,1,4,1,1.8,0.4,10.7,33,0,0,0,6,0,0,100.0,4.4
58,Steve,Cook,Steve Cook,BOU,DEF,58.4,2.3,0.2,44,1650,1,0,3,5,-0.2,0.0,8.8,31,0,0,0,3,1,0,100.0,5.0
59,Nathan,Aké,Aké,BOU,DEF,77.3,3.2,6.6,64,1744,2,1,3,6,3.5,0.7,13.3,27,0,0,0,1,0,0,100.0,4.8
60,Charlie,Daniels,Daniels,BOU,DEF,5.2,1.5,0.1,3,126,0,0,0,0,0.0,0.0,0.7,2,0,0,0,0,0,0,0.0,4.3
61,Chris,Mepham,Mepham,BOU,DEF,42.2,2.4,0.7,26,901,1,0,1,2,0.0,0.0,6.0,19,0,0,0,1,0,0,0.0,4.3
62,Simon,Francis,Francis,BOU,DEF,31.7,1.2,0.0,16,784,0,0,1,1,1.5,0.3,3.6,16,0,0,0,1,1,0,100.0,4.4
63,Adam,Smith,Adam Smith,BOU,DEF,38.3,2.6,0.4,37,1197,0,1,3,3,1.2,0.3,8.6,18,0,0,0,4,0,0,100.0,4.3
64,Lloyd,Kelly,Kelly,BOU,DEF,0.0,0.0,0.0,0,0,0,0,0,0,0.0,0.0,0.0,0,0,0,0,0,0,0,75.0,4.4
65,Diego,Rico,Rico,BOU,DEF,87.3,3.0,11.3,60,1703,0,3,5,5,2.2,0.5,14.0,25,0,0,0,6,0,0,100.0,4.3
66,Jack,Simpson,Simpson,BOU,DEF,5.8,1.0,7.2,3,167,0,0,0,0,0.0,0.0,0.8,4,0,0,0,0,0,0,,4.0
67,Callum,Wilson,Callum Wilson,BOU,FWD,112.4,3.3,4.9,79,1986,6,3,3,6,3.0,0.4,10.7,37,0,0,0,6,0,0,100.0,7.4
68,Joshua,King,King,BOU,FWD,86.8,3.6,3.3,58,1307,3,3,3,6,0.0,0.0,9.5,18,0,0,0,0,0,0,50.0,6.1
69,Dominic,Solanke,Solanke,BOU,FWD,64.4,1.8,0.3,38,1136,0,2,1,0,2.8,0.5,7.3,24,0,0,0,1,0,0,100.0,5.2
70,Lys,Mousset,Mousset,SHU,FWD,84.3,3.1,2.6,68,993,5,3,3,9,1.0,0.2,14.8,11,0,0,0,0,0,0,100.0,4.6
71,Sam,Surridge,Surridge,BOU,FWD,0.3,1.0,0.5,1,15,0,0,0,0,0.2,0.0,0.2,1,0,0,0,0,0,0,100.0,4.3
72,Asmir,Begovic,Begovic,BOU,GKP,0.0,0.0,0.7,0,0,0,0,0,0,0.0,0.0,0.0,0,0,0,0,0,0,0,0.0,4.2
73,Artur,Boruc,Boruc,BOU,GKP,0.0,0.0,0.2,0,0,0,0,0,0,0.0,0.0,0.0,0,0,0,0,0,0,0,,4.3
74,Mark,Travers,Travers,BOU,GKP,1.5,1.0,0.2,1,90,0,0,0,0,0.2,0.0,0.2,3,0,0,0,0,0,2,,4.2
75,Ryan,Fraser,Fraser,BOU,MID,117.0,2.6,2.7,63,1778,1,4,4,2,2.8,0.4,9.1,28,0,0,0,2,0,0,100.0,6.9
76,David,Brooks,Brooks,BOU,MID,0.0,0.0,0.1,0,0,0,0,0,0,0.0,0.0,0.0,0,0,0,0,0,0,0,0.0,6.3
77,Junior,Stanislas,Stanislas,BOU,MID,6.8,1.5,0.0,3,106,0,0,0,0,0.0,0.0,0.5,2,0,0,0,0,0,0,100.0,5.9
78,Jordon,Ibe,Ibe,BOU,MID,1.2,1.0,0.1,2,48,0,0,0,0,0.0,0.0,0.4,1,0,0,0,0,0,0,100.0,4.6
79,Lewis,Cook,Lewis Cook,BOU,MID,27.0,1.6,0.0,28,830,0,1,2,0,0.8,0.2,5.6,16,0,0,0,3,0,0,100.0,5.0
80,Andrew,Surman,Surman,BOU,MID,0.9,1.0,0.0,3,57,0,0,0,0,0.0,0.0,0.6,1,0,0,0,0,0,0,100.0,4.7
81,Dan,Gosling,Gosling,BOU,MID,42.4,2.8,0.1,33,700,2,1,1,1,2.2,0.4,6.7,11,0,0,0,1,0,0,100.0,4.9
82,Jefferson,Lerma,Lerma,BOU,MID,44.6,1.6,0.1,36,1773,0,1,3,2,0.5,0.1,7.5,29,0,0,0,9,1,0,0.0,4.8
83,Ben,Mee,Mee,BUR,DEF,89.9,3.0,0.9,74,2250,0,2,9,1,5.2,1.0,14.8,38,0,0,0,4,0,0,,5.0
84,James,Tarkowski,Tarkowski,BUR,DEF,94.0,3.4,3.3,86,2250,1,2,9,9,3.5,0.7,16.9,38,0,0,0,6,0,0,100.0,5.1
85,Matthew,Lowton,Lowton,BUR,DEF,45.9,2.7,0.4,41,1350,0,1,5,0,3.2,0.8,9.8,26,0,0,0,2,0,0,,4.2
86,Phil,Bardsley,Bardsley,BUR,DEF,25.8,2.9,0.2,29,900,0,0,4,0,0.5,0.1,6.7,12,0,0,0,2,0,0,100.0,4.3
87,Charlie,Taylor,Taylor,BUR,DEF,34.8,3.1,0.9,40,1015,0,0,5,2,3.8,0.9,9.5,9,0,0,0,2,0,0,100.0,4.2
88,Kevin,Long,Long,BUR,DEF,0.0,1.0,0.1,1,2,0,0,0,0,0.0,0.0,0.2,0,0,0,0,0,0,0,100.0,4.3
89,Ben,Gibson,Gibson,BUR,DEF,0.0,0.0,2.6,0,0,0,0,0,0,0.0,0.0,0.0,0,0,0,0,0,0,0,75.0,3.9
90,Ashley,Barnes,Barnes,BUR,FWD,75.9,3.2,2.3,61,1350,6,0,8,6,0.0,0.0,10.0,21,0,0,0,4,0,0,0.0,6.1
91,Chris,Wood,Wood,BUR,FWD,140.8,4.3,2.0,98,1918,10,1,10,13,5.8,0.9,15.8,26,1,0,0,1,0,0,100.0,6.2
92,Matej,Vydra,Vydra,BUR,FWD,4.8,1.5,0.1,9,100,0,1,0,0,0.2,0.0,1.7,1,0,0,0,0,0,0,100.0,5.3
93,Nick,Pope,Pope,BUR,GKP,62.7,4.2,14.7,105,2250,0,0,9,12,7.5,1.6,22.8,38,0,1,0,0,0,79,100.0,4.7
94,Tom,Heaton,Heaton,AVL,GKP,50.7,3.0,2.9,59,1794,0,0,4,3,0.0,0.0,13.4,35,1,0,0,0,0,67,0.0,4.4
95,Joe,Hart,Hart,BUR,GKP,0.0,0.0,1.1,0,0,0,0,0,0,0.0,0.0,0.0,0,0,0,0,0,0,0,,4.2
96,Johann Berg,Gudmundsson,Gudmundsson,BUR,MID,33.1,2.9,0.4,20,398,1,0,3,1,0.0,0.0,3.4,4,0,0,0,0,0,0,0.0,5.9
97,Dwight,McNeil,McNeil,BUR,MID,123.2,3.0,0.4,76,2169,1,5,10,1,2.2,0.4,12.7,36,0,0,0,4,0,0,100.0,6.0
98,Robbie,Brady,Brady,BUR,MID,27.7,2.2,0.0,28,394,1,2,1,0,0.0,0.0,5.1,10,0,0,0,1,0,0,100.0,5.5
99,Steven,Defour,Defour,BUR,MID,0.0,0.0,0.0,0,0,0,0,0,0,0.0,0.0,0.0,0,0,0,0,0,0,0,0.0,5.5
100,Jeff,Hendrick,Hendrick,BUR,MID,59.2,2.9,0.1,57,1572,2,1,8,4,2.5,0.5,10.6,28,0,0,0,5,0,0,100.0,5.4
101,Ashley,Westwood,Westwood,BUR,MID,96.7,3.4,0.4,75,1980,1,6,9,7,3.8,0.7,13.9,27,0,0,0,8,0,0,100.0,5.4
102,Jack,Cork,Cork,BUR,MID,65.9,2.3,0.2,53,2005,0,0,8,0,2.5,0.5,10.8,34,0,0,0,0,0,0,100.0,4.9
103,Marcos,Alonso,Alonso,CHE,DEF,44.1,5.9,2.0,47,588,1,3,4,5,0.0,0.0,7.8,4,0,0,0,3,0,0,100.0,6.0
104,Antonio,Rüdiger,Rüdiger,CHE,DEF,42.3,3.7,0.5,37,855,2,0,2,3,6.2,1.0,6.2,10,0,0,0,2,0,0,100.0,6.0
105,César,Azpilicueta,Azpilicueta,CHE,DEF,128.1,3.4,6.0,78,2059,2,3,4,7,5.5,0.9,13.4,33,0,0,0,0,0,0,100.0,5.8
106,David,Luiz Moreira Marinho,David Luiz,ARS,DEF,75.6,2.8,4.8,62,1915,2,0,4,9,2.5,0.4,10.9,30,0,0,0,4,1,0,100.0,5.7
107,Emerson,Palmieri dos Santos,Emerson,CHE,DEF,73.1,1.3,0.7,18,1020,0,0,1,0,0.0,0.0,3.3,21,0,0,0,3,0,0,100.0,5.5
108,Andreas,Christensen,Christensen,CHE,DEF,28.2,1.7,0.6,20,1031,0,0,2,0,2.2,0.4,4.1,20,0,0,0,3,0,0,100.0,4.9
109,Davide,Zappacosta,Zappacosta,CHE,DEF,0.0,0.0,0.2,0,0,0,0,0,0,0.0,0.0,0.0,0,0,0,0,0,0,0,0.0,4.3
110,Olivier,Giroud,Giroud,CHE,FWD,13.3,1.4,1.0,7,190,0,0,1,0,0.0,0.0,1.1,5,0,0,0,0,0,0,100.0,6.6
111,Kepa,Arrizabalaga,Kepa,CHE,GKP,37.5,2.6,4.6,63,2160,0,0,5,0,2.2,0.4,11.5,32,0,0,0,0,0,41,,5.5
112,Willy,Caballero,Caballero,CHE,GKP,1.7,1.0,0.2,1,90,0,0,0,0,0.2,0.0,0.2,2,0,0,0,0,0,2,,4.8
113,Willian,Borges Da Silva,Willian,CHE,MID,178.8,4.0,4.9,97,1724,4,5,7,14,2.8,0.4,13.5,18,0,0,0,2,0,0,100.0,7.1
114,Pedro,Rodríguez Ledesma,Pedro,CHE,MID,36.2,2.0,1.1,12,383,0,0,1,0,0.5,0.1,1.8,8,0,0,0,0,0,0,100.0,6.8
115,Ruben,Loftus-Cheek,Loftus-Cheek,CHE,MID,0.0,0.0,0.1,0,0,0,0,0,0,0.0,0.0,0.0,0,0,0,0,0,0,0,25.0,6.3
116,Callum,Hudson-Odoi,Hudson-Odoi,CHE,MID,83.6,2.6,0.9,45,768,1,4,2,3,4.2,0.8,8.5,12,0,0,0,1,0,0,100.0,5.3
117,Ross,Barkley,Barkley,CHE,MID,45.4,1.5,1.2,15,478,0,0,2,0,1.5,0.3,2.7,7,0,0,0,0,0,0,100.0,5.6
118,Jorge Luiz,Frello Filho,Jorginho,CHE,MID,97.5,3.3,4.3,76,1766,4,3,4,9,5.5,1.1,15.5,27,0,0,0,9,0,0,100.0,4.9
119,N'Golo,Kanté,Kanté,CHE,MID,94.0,2.8,4.1,48,1372,3,0,2,2,1.5,0.3,9.6,20,0,0,0,3,0,0,100.0,5.0
120,Daniel,Drinkwater,Drinkwater,AVL,MID,2.5,1.2,0.6,5,258,0,0,0,0,1.0,0.2,1.1,9,0,0,0,1,0,0,75.0,4.4
121,Ethan,Ampadu,Ampadu,CHE,MID,0.0,0.0,0.0,0,0,0,0,0,0,0.0,0.0,0.0,0,0,0,0,0,0,0,0.0,4.4
122,Aaron,Wan-Bissaka,Wan-Bissaka,MUN,DEF,86.5,2.7,13.6,60,1970,0,1,4,9,4.2,0.8,11.3,27,0,0,0,4,0,0,100.0,5.3
123,Patrick,van Aanholt,van Aanholt,CRY,DEF,69.6,3.2,4.2,57,1532,2,0,4,3,0.5,0.1,10.4,21,1,0,0,0,0,0,100.0,5.5
124,James,Tomkins,Tomkins,CRY,DEF,52.0,2.8,0.6,47,1522,1,1,3,4,0.8,0.2,9.4,21,0,0,0,5,0,0,100.0,5.0
125,Mamadou,Sakho,Sakho,CRY,DEF,10.6,0.9,0.1,7,465,0,0,0,0,0.0,0.0,1.4,8,0,0,0,0,1,0,0.0,5.0
126,Joel,Ward,Ward,CRY,DEF,32.5,2.6,1.0,41,1222,0,1,3,5,0.8,0.2,9.5,16,0,0,0,3,0,0,100.0,4.3
127,Scott,Dann,Dann,CRY,DEF,16.0,3.0,0.1,15,335,0,1,1,0,0.0,0.0,3.5,2,0,0,0,0,0,0,100.0,4.3
128,Martin,Kelly,Kelly,CRY,DEF,41.7,3.4,27.4,64,1547,0,1,6,4,1.0,0.2,14.5,16,0,0,0,0,0,0,100.0,4.3
129,Christian,Benteke,Benteke,CRY,FWD,49.1,1.2,0.5,19,562,0,0,1,0,0.5,0.1,3.3,8,0,0,0,2,0,0,100.0,5.7
130,Connor,Wickham,Wickham,CRY,FWD,15.8,2.5,2.1,15,90,1,1,0,2,0.5,0.1,3.4,2,0,0,0,0,0,0,0.0,4.4
131,Vicente,Guaita,Guaita,CRY,GKP,54.6,3.8,2.2,87,2070,0,0,6,10,2.0,0.4,17.1,25,1,0,0,1,0,70,100.0,5.1
132,Wayne,Hennessey,Hennessey,CRY,GKP,8.7,3.0,0.6,6,180,0,0,0,0,0.0,0.0,1.4,4,0,0,0,0,0,13,,4.3
133,Wilfried,Zaha,Zaha,CRY,MID,153.8,3.3,9.6,82,2185,3,4,5,4,2.8,0.4,12.1,29,0,0,0,3,0,0,100.0,6.8
134,Luka,Milivojevic,Milivojevic,CRY,MID,92.0,2.8,1.9,59,1875,2,1,6,7,0.2,0.0,8.8,23,0,0,0,9,0,0,100.0,6.7
135,Andros,Townsend,Townsend,CRY,MID,37.1,2.3,1.0,34,791,1,1,3,0,0.2,0.0,6.1,12,0,0,0,0,0,0,100.0,5.6
136,Max,Meyer,Meyer,CRY,MID,16.9,1.4,0.1,17,519,0,0,1,0,1.0,0.2,3.3,6,0,0,0,1,0,0,100.0,5.2
137,Jeffrey,Schlupp,Schlupp,CRY,MID,52.7,2.9,0.1,40,856,2,1,4,3,0.0,0.0,7.4,12,0,0,0,2,0,0,0.0,5.4
138,James,McArthur,McArthur,CRY,MID,100.8,2.6,0.6,62,2087,0,3,7,2,1.8,0.3,11.9,22,0,0,0,4,0,0,100.0,5.2
139,Cheikhou,Kouyaté,Kouyaté,CRY,MID,59.3,2.7,0.3,63,1703,1,2,6,4,3.0,0.6,12.9,22,0,0,0,1,0,0,100.0,4.9
140,Luke,Dreher,Dreher,CRY,MID,0.0,0.0,0.1,0,0,0,0,0,0,0.0,0.0,0.0,0,0,0,0,0,0,0,,4.3
141,Lucas,Digne,Digne,EVE,DEF,154.0,3.4,13.0,81,2061,0,5,6,12,5.2,0.9,14.0,35,1,0,0,2,0,0,100.0,5.8
142,Yerry,Mina,Mina,EVE,DEF,89.3,2.9,2.2,67,1905,2,0,5,8,4.8,0.9,12.6,32,1,0,0,3,0,0,100.0,5.3
143,Michael,Keane,Keane,EVE,DEF,50.9,2.7,2.0,51,1476,1,0,4,3,1.8,0.3,9.8,26,0,0,0,0,0,0,100.0,5.2
144,Seamus,Coleman,Coleman,EVE,DEF,44.5,1.9,1.1,31,1072,0,1,3,2,0.8,0.2,5.8,19,0,0,0,3,1,0,100.0,5.3
145,Leighton,Baines,Baines,EVE,DEF,6.3,2.7,0.2,8,152,0,1,0,0,0.0,0.0,1.6,2,0,0,0,0,0,0,100.0,4.9
146,Cenk,Tosun,Tosun,CRY,FWD,35.8,2.8,0.2,22,458,2,0,2,1,2.5,0.4,3.9,6,0,0,0,0,0,0,0.0,5.7
147,Dominic,Calvert-Lewin,Calvert-Lewin,EVE,FWD,135.7,3.7,11.0,85,1559,10,0,5,11,4.0,0.7,13.9,26,0,0,0,6,0,0,,6.1
148,Jordan,Pickford,Pickford,EVE,GKP,51.1,3.0,7.0,76,2250,0,0,6,3,2.5,0.5,14.3,37,0,0,0,1,0,62,,5.3
149,Maarten,Stekelenburg,Stekelenburg,EVE,GKP,0.0,0.0,7.4,0,0,0,0,0,0,0.0,0.0,0.0,0,0,0,0,0,0,0,,4.0
150,Richarlison,de Andrade,Richarlison,EVE,MID,174.1,4.8,8.2,110,1992,8,4,6,10,3.0,0.4,13.6,33,0,0,0,4,0,0,100.0,8.1
151,Gylfi,Sigurdsson,Sigurdsson,EVE,MID,124.2,2.8,2.4,62,1637,1,3,5,4,2.5,0.3,8.5,28,0,0,0,2,0,0,100.0,7.3
152,Bernard,Anício Caldeira Duarte,Bernard,EVE,MID,64.2,3.3,0.7,49,850,2,2,7,5,2.5,0.4,7.7,7,0,0,0,2,0,0,100.0,6.4
153,Theo,Walcott,Walcott,EVE,MID,77.2,2.3,0.4,42,926,1,2,3,1,3.8,0.6,6.8,11,0,0,0,1,0,0,100.0,6.2
154,Tom,Davies,Davies,EVE,MID,44.6,2.2,0.1,39,1193,1,1,3,3,1.5,0.3,7.4,21,0,0,0,6,0,0,,5.3
155,Ademola,Lookman,Lookman,EVE,MID,0.0,0.0,0.0,0,0,0,0,0,0,0.0,0.0,0.0,0,0,0,0,0,0,0,0.0,5.0
156,Idrissa,Gueye,Gueye,EVE,MID,0.0,0.0,0.0,0,0,0,0,0,0,0.0,0.0,0.0,0,0,0,0,0,0,0,0.0,5.0
157,James,McCarthy,McCarthy,CRY,MID,27.8,1.2,0.7,24,878,0,0,0,0,1.8,0.4,5.6,14,0,0,0,4,0,0,,4.3
158,Morgan,Schneiderlin,Schneiderlin,EVE,MID,22.3,1.2,0.6,16,850,0,0,1,0,0.8,0.2,3.6,16,0,0,0,3,1,0,100.0,4.4
159,Ricardo Domingos,Barbosa Pereira,Pereira,LEI,DEF,122.3,4.5,13.3,107,2160,3,2,8,11,3.8,0.6,17.0,25,0,0,0,1,0,0,,6.3
160,Harry,Maguire,Maguire,MUN,DEF,96.4,2.5,9.5,62,2250,0,0,5,2,3.5,0.7,11.9,29,0,0,0,2,0,0,100.0,5.2
161,Benjamin,Chilwell,Chilwell,LEI,DEF,95.5,4.2,9.0,85,1789,2,3,7,3,2.5,0.4,15.2,21,0,0,0,1,0,0,100.0,5.6
162,Jonny,Evans,Evans,LEI,DEF,82.9,3.6,6.1,90,2214,1,2,8,7,1.0,0.2,17.0,26,0,0,0,4,0,0,100.0,5.2
163,Christian,Fuchs,Fuchs,LEI,DEF,17.8,3.1,0.3,22,544,0,0,2,2,0.2,0.0,5.1,5,0,0,0,0,0,0,,4.3
164,Çaglar,Söyüncü,Söyüncü,LEI,DEF,77.9,3.6,16.3,86,2160,1,1,8,8,1.2,0.2,17.2,25,0,0,0,4,0,0,,5.0
165,Wes,Morgan,Morgan,LEI,DEF,8.2,1.1,0.6,8,159,0,0,0,0,0.2,0.0,2.0,1,0,0,0,0,0,0,0.0,4.1
166,Jamie,Vardy,Vardy,LEI,FWD,186.9,6.6,39.1,152,2011,17,6,7,25,2.0,0.2,15.5,24,0,0,1,2,0,0,100.0,9.8
167,Kelechi,Iheanacho,Iheanacho,LEI,FWD,60.6,4.4,0.4,40,386,3,4,1,5,2.5,0.4,7.0,6,0,0,0,1,0,0,,5.7
168,Kasper,Schmeichel,Schmeichel,LEI,GKP,56.9,3.7,14.1,92,2250,0,0,8,3,2.0,0.4,17.0,26,0,0,0,1,0,66,,5.4
169,Eldin,Jakupovic,Jakupovic,LEI,GKP,0.0,0.0,0.1,0,0,0,0,0,0,0.0,0.0,0.0,0,0,0,0,0,0,0,,4.2
170,Danny,Ward,Ward,LEI,GKP,0.0,0.0,0.2,0,0,0,0,0,0,0.0,0.0,0.0,0,0,0,0,0,0,0,,4.3
171,James,Maddison,Maddison,LEI,MID,214.9,4.6,22.4,110,2039,6,5,7,14,1.8,0.2,14.5,23,0,0,0,3,0,0,100.0,7.6
172,Harvey,Barnes,Barnes,LEI,MID,133.1,3.8,1.8,87,1390,4,7,5,5,6.8,1.2,14.7,14,0,0,0,0,0,0,100.0,6.0
173,Rachid,Ghezzal,Ghezzal,LEI,MID,0.0,0.0,0.0,0,0,0,0,0,0,0.0,0.0,0.0,0,0,0,0,0,0,0,0.0,5.2
174,Marc,Albrighton,Albrighton,LEI,MID,25.1,1.4,0.2,15,352,0,1,0,0,0.0,0.0,2.9,7,0,0,0,1,0,0,,5.1
175,Demarai,Gray,Gray,LEI,MID,37.8,1.7,0.2,24,409,1,2,0,0,0.2,0.0,4.7,4,0,0,1,1,0,0,100.0,5.1
176,Wilfred,Ndidi,Ndidi,LEI,MID,80.9,3.0,1.8,63,1786,2,1,8,5,0.2,0.0,12.6,18,0,0,0,3,0,0,75.0,5.0
177,Matty,James,James,LEI,MID,0.0,0.0,0.1,0,0,0,0,0,0,0.0,0.0,0.0,0,0,0,0,0,0,0,0.0,4.3
178,Daniel,Amartey,Amartey,LEI,MID,0.0,0.0,0.3,0,0,0,0,0,0,0.0,0.0,0.0,0,0,0,0,0,0,0,0.0,4.3
179,Nampalys,Mendy,Mendy,LEI,MID,8.0,1.5,0.9,6,193,0,0,0,0,0.8,0.2,1.4,3,0,0,0,0,0,0,0.0,4.3
180,Hamza,Choudhury,Choudhury,LEI,MID,29.1,1.9,0.9,27,636,1,1,1,0,1.0,0.2,6.3,10,0,0,0,2,0,0,,4.3
181,Andrew,Robertson,Robertson,LIV,DEF,134.6,4.9,20.7,123,2173,1,6,10,12,5.0,0.7,17.6,15,0,0,0,1,0,0,100.0,7.0
182,Trent,Alexander-Arnold,Alexander-Arnold,LIV,DEF,204.2,5.8,43.3,146,2189,2,12,10,14,6.8,0.9,19.2,15,0,0,0,4,0,0,100.0,7.6
183,Virgil,van Dijk,van Dijk,LIV,DEF,97.6,5.1,44.5,127,2250,4,0,11,11,7.0,1.1,19.5,15,0,0,0,1,0,0,100.0,6.5
184,Joseph,Gomez,Gomez,LIV,DEF,28.4,4.1,5.0,65,1007,0,0,9,5,5.2,1.0,12.3,2,0,0,0,3,0,0,100.0,5.3
185,Joel,Matip,Matip,LIV,DEF,25.0,4.6,1.2,32,630,1,0,2,4,0.0,0.0,6.2,5,0,0,0,0,0,0,100.0,5.2
186,Dejan,Lovren,Lovren,LIV,DEF,24.6,2.0,0.2,16,669,0,1,0,0,0.0,0.0,3.0,8,0,0,0,1,0,0,100.0,5.3
187,Roberto,Firmino,Firmino,LIV,FWD,238.2,4.9,18.7,122,2062,8,8,13,18,6.2,0.6,12.7,10,0,0,0,0,0,0,,9.7
188,Divock,Origi,Origi,LIV,FWD,41.2,2.5,2.6,50,487,3,3,1,6,1.6,0.3,9.6,9,0,0,0,0,0,0,100.0,5.2
189,Alisson,Ramses Becker,Alisson,LIV,GKP,34.4,4.8,11.2,81,1463,0,1,9,6,7.8,1.3,13.3,7,0,0,0,0,1,40,100.0,6.1
190,Simon,Mignolet,Mignolet,LIV,GKP,0.0,0.0,0.0,0,0,0,0,0,0,0.0,0.0,0.0,0,0,0,0,0,0,0,0.0,4.5
191,Mohamed,Salah,Salah,LIV,MID,263.1,7.5,43.7,165,1883,14,6,13,21,9.0,0.7,13.0,9,0,0,0,1,0,0,100.0,12.7
192,Sadio,Mané,Mané,LIV,MID,200.0,6.7,21.5,147,1777,11,8,9,18,1.4,0.1,12.0,12,0,0,0,1,0,0,75.0,12.2
193,Alex,Oxlade-Chamberlain,Chamberlain,LIV,MID,60.1,2.9,0.8,50,857,3,0,7,2,5.0,0.8,8.1,4,0,0,0,1,0,0,100.0,6.2
194,Xherdan,Shaqiri,Shaqiri,LIV,MID,13.2,2.3,0.2,14,174,1,0,1,0,0.2,0.0,2.2,2,0,0,0,0,0,0,50.0,6.3
195,Adam,Lallana,Lallana,LIV,MID,22.7,1.9,0.1,25,336,1,1,1,1,0.6,0.1,4.3,4,0,0,0,1,0,0,100.0,5.8
196,Naby,Keita,Keita,LIV,MID,25.7,3.1,0.2,22,226,1,1,2,3,0.4,0.1,3.8,0,0,0,0,0,0,0,100.0,5.8
197,Fabio Henrique,Tavares,Fabinho,LIV,MID,49.6,2.4,1.0,38,1144,1,1,3,4,1.2,0.2,7.0,10,0,0,0,5,0,0,100.0,5.4
198,Jordan,Henderson,Henderson,LIV,MID,108.2,3.8,2.3,92,1793,3,4,13,8,7.0,1.3,17.0,9,0,0,0,1,0,0,100.0,5.5
199,Georginio,Wijnaldum,Wijnaldum,LIV,MID,73.3,3.0,2.3,71,2022,2,0,11,3,2.8,0.5,13.1,13,0,0,0,0,0,0,100.0,5.4
200,James,Milner,Milner,LIV,MID,38.3,2.6,0.5,42,662,2,2,4,3,0.0,0.0,7.9,6,0,0,0,3,0,0,50.0,5.3
201,Rafael,Camacho,Camacho,LIV,MID,0.0,0.0,0.0,0,0,0,0,0,0,0.0,0.0,0.0,0,0,0,0,0,0,0,0.0,4.5
202,Aymeric,Laporte,Laporte,MCI,DEF,12.4,3.0,2.1,15,383,0,0,2,0,1.5,0.2,2.4,3,0,0,0,1,0,0,75.0,6.3
203,Kyle,Walker,Walker,MCI,DEF,64.2,3.2,10.7,60,1627,1,2,5,3,1.5,0.3,10.5,22,0,0,0,4,0,0,100.0,5.7
204,Benjamin,Mendy,Mendy,MCI,DEF,53.6,3.3,0.8,36,921,0,2,3,2,1.8,0.3,6.5,11,0,0,0,2,0,0,75.0,5.5
205,Fabian,Delph,Delph,EVE,DEF,31.7,1.5,0.2,23,1106,0,0,2,2,0.5,0.1,4.3,21,0,0,0,3,1,0,0.0,5.3
206,Oleksandr,Zinchenko,Zinchenko,MCI,DEF,47.0,2.6,2.4,29,829,0,0,4,1,0.8,0.2,5.6,11,0,0,0,0,1,0,0.0,5.2
207,John,Stones,Stones,MCI,DEF,26.7,2.1,1.0,23,879,0,0,2,0,0.8,0.2,4.3,15,0,0,0,0,0,0,100.0,5.3
208,Nicolás,Otamendi,Otamendi,MCI,DEF,65.7,3.6,2.1,57,1201,2,1,4,5,2.8,0.6,11.4,17,0,0,0,3,0,0,100.0,5.0
209,Danilo Luiz,da Silva,Danilo,MCI,DEF,0.0,0.0,0.0,0,0,0,0,0,0,0.0,0.0,0.0,0,0,0,0,0,0,0,0.0,5.0
210,Sergio,Agüero,Agüero,MCI,FWD,184.1,6.4,23.8,121,1170,16,4,3,14,9.8,0.8,10.1,17,0,0,0,1,0,0,100.0,12.0
211,Gabriel Fernando,de Jesus,Jesus,MCI,FWD,165.0,4.2,2.8,89,1199,9,5,5,8,3.8,0.4,9.4,11,0,0,1,1,0,0,100.0,9.5
212,Ederson,Santana de Moraes,Ederson,MCI,GKP,38.0,3.0,11.4,67,1901,0,0,7,2,2.5,0.4,11.2,25,0,0,0,3,1,43,100.0,6.0
213,Claudio,Bravo,Bravo,MCI,GKP,5.8,2.8,0.3,11,346,0,0,1,0,0.0,0.0,2.3,7,0,0,0,0,0,8,100.0,4.8
214,Raheem,Sterling,Sterling,MCI,MID,241.3,5.0,17.9,116,1928,11,2,8,9,1.5,0.1,9.9,25,0,0,1,5,0,0,50.0,11.7
215,Kevin,De Bruyne,De Bruyne,MCI,MID,289.8,6.7,53.3,161,1980,7,17,10,20,5.0,0.5,15.0,20,0,0,0,2,0,0,100.0,10.7
216,Leroy,Sané,Sané,MCI,MID,0.0,0.0,0.2,0,0,0,0,0,0,0.0,0.0,0.0,0,0,0,0,0,0,0,0.0,9.3
217,Riyad,Mahrez,Mahrez,MCI,MID,186.1,5.3,9.0,112,1261,7,9,5,12,5.8,0.7,13.2,10,0,0,0,0,0,0,100.0,8.5
218,Bernardo Mota,Veiga de Carvalho e Silva,Bernardo Silva,MCI,MID,155.7,3.6,8.3,76,1253,5,4,4,5,1.0,0.1,9.7,21,0,0,0,5,0,0,100.0,7.8
219,David,Silva,David Silva,MCI,MID,144.7,4.8,4.3,87,1168,3,9,6,8,1.8,0.2,11.8,12,0,0,0,0,0,0,100.0,7.4
220,Phil,Foden,Foden,MCI,MID,31.1,1.3,0.3,16,258,0,1,0,0,0.2,0.0,3.1,4,0,0,0,0,0,0,100.0,5.1
221,Fernando,Luiz Rosa,Fernandinho,MCI,MID,65.7,1.9,0.7,40,1815,0,0,8,1,1.5,0.3,7.7,21,1,0,0,5,1,0,100.0,5.2
222,Ilkay,Gündogan,Gündogan,MCI,MID,107.2,2.1,1.2,46,1394,2,1,3,4,0.8,0.2,8.8,24,0,0,1,7,0,0,100.0,5.2
223,Chris,Smalling,Smalling,MUN,DEF,0.0,0.0,0.1,0,0,0,0,0,0,0.0,0.0,0.0,0,0,0,0,0,0,0,0.0,5.2
224,Ashley,Young,Young,MUN,DEF,49.1,2.0,0.3,24,953,0,0,2,0,0.0,0.0,4.4,10,0,0,0,5,0,0,0.0,5.4
225,Victor,Lindelöf,Lindelöf,MUN,DEF,52.4,2.7,1.2,63,2070,1,0,5,4,3.0,0.6,11.9,26,1,0,0,4,0,0,100.0,5.3
226,Luke,Shaw,Shaw,MUN,DEF,46.4,1.8,0.6,25,873,0,0,2,0,1.8,0.3,4.6,10,0,0,0,4,0,0,100.0,5.4
227,Marcos,Rojo,Rojo,MUN,DEF,2.8,1.0,0.1,3,121,0,0,0,0,0.0,0.0,0.6,2,0,0,0,1,0,0,0.0,4.8
228,Eric,Bailly,Bailly,MUN,DEF,0.0,0.0,0.0,0,0,0,0,0,0,0.0,0.0,0.0,0,0,0,0,0,0,0,100.0,4.9
229,José Diogo,Dalot Teixeira,Dalot,MUN,DEF,1.9,1.0,0.1,3,64,0,0,0,0,0.5,0.1,0.6,1,0,0,0,0,0,0,100.0,4.9
230,Matteo,Darmian,Darmian,MUN,DEF,0.0,0.0,0.0,0,0,0,0,0,0,0.0,0.0,0.0,0,0,0,0,0,0,0,0.0,4.9
231,Phil,Jones,Jones,MUN,DEF,4.7,1.0,0.2,2,135,0,0,0,0,0.2,0.0,0.4,3,0,0,0,0,0,0,100.0,4.8
232,Romelu,Lukaku,Lukaku,MUN,FWD,0.0,0.0,0.3,0,0,0,0,0,0,0.0,0.0,0.0,0,0,0,0,0,0,0,0.0,8.5
233,Marcus,Rashford,Rashford,MUN,FWD,202.3,6.1,10.8,134,1876,14,5,4,26,3.0,0.3,15.1,23,0,0,2,2,0,0,0.0,8.9
234,Mason,Greenwood,Greenwood,MUN,FWD,47.7,2.1,12.5,43,494,4,0,0,5,2.0,0.5,9.8,8,0,0,0,0,0,0,100.0,4.4
235,David,de Gea,de Gea,MUN,GKP,46.1,3.2,11.4,79,2250,0,0,5,5,4.0,0.7,14.6,29,0,0,0,2,0,64,100.0,5.4
236,Sergio,Romero,Romero,MUN,GKP,0.0,0.0,0.2,0,0,0,0,0,0,0.0,0.0,0.0,0,0,0,0,0,0,0,,4.7
237,Lee,Grant,Grant,MUN,GKP,0.0,0.0,0.1,0,0,0,0,0,0,0.0,0.0,0.0,0,0,0,0,0,0,0,,4.8
238,Paul,Pogba,Pogba,MUN,MID,46.5,2.4,2.9,17,521,0,2,1,0,0.0,0.0,2.0,5,0,0,1,0,0,0,0.0,8.3
239,Anthony,Martial,Martial,MUN,MID,146.0,5.1,12.5,96,1541,8,3,6,7,3.8,0.5,12.2,20,0,0,1,1,0,0,100.0,7.9
240,Alexis,Sánchez,Sánchez,MUN,MID,0.0,0.0,0.4,0,0,0,0,0,0,0.0,0.0,0.0,0,0,0,0,0,0,0,0.0,6.8
241,Jesse,Lingard,Lingard,MUN,MID,59.1,1.2,0.7,25,882,0,0,1,0,0.5,0.1,4.0,14,0,0,0,3,0,0,100.0,6.3
242,Juan,Mata,Mata,MUN,MID,51.1,2.2,0.4,35,709,0,2,4,2,4.2,0.7,5.6,8,0,0,0,1,0,0,,6.2
243,Daniel,James,James,MUN,MID,122.8,3.3,6.7,80,1907,3,6,4,2,2.0,0.3,13.6,27,0,0,0,3,0,0,100.0,5.9
244,Frederico,Rodrigues de Paula Santos,Fred,MUN,MID,99.0,1.8,0.3,38,1678,0,0,3,0,2.5,0.5,7.2,23,0,0,0,4,0,0,,5.3
245,Angel,Gomes,Gomes,MUN,MID,3.1,1.0,0.1,2,19,0,0,0,0,0.2,0.0,0.4,1,0,0,0,0,0,0,100.0,4.8
246,Andreas,Pereira,Pereira,MUN,MID,100.2,2.6,0.5,57,1432,1,3,6,1,2.2,0.4,11.6,16,0,0,0,3,0,0,,4.9
247,Nemanja,Matic,Matic,MUN,MID,18.5,2.1,0.3,17,598,0,0,3,0,1.5,0.3,3.5,7,0,0,0,1,0,0,100.0,4.8
248,Scott,McTominay,McTominay,MUN,MID,83.4,3.2,1.0,55,1451,2,2,2,6,0.0,0.0,11.2,17,0,0,0,2,0,0,0.0,4.9
249,Tahith,Chong,Chong,MUN,MID,0.2,1.0,0.6,2,24,0,0,0,0,0.0,0.0,0.5,0,0,0,0,0,0,0,,4.3
250,James,Garner,Garner,MUN,MID,0.5,1.0,0.2,1,8,0,0,0,0,0.0,0.0,0.2,1,0,0,0,0,0,0,,4.3
251,Matt,Ritchie,Ritchie,NEW,DEF,30.8,3.5,0.2,21,528,0,0,3,0,3.2,0.6,4.0,6,0,0,0,1,0,0,100.0,5.3
252,Fabian,Schär,Schär,NEW,DEF,56.6,3.2,1.3,51,1297,2,1,4,2,1.0,0.2,10.2,25,0,0,0,4,0,0,100.0,5.0
253,DeAndre,Yedlin,Yedlin,NEW,DEF,26.8,1.9,0.1,23,772,1,0,1,0,0.0,0.0,5.2,11,0,0,0,3,0,0,100.0,4.4
254,Federico,Fernández,Fernández,NEW,DEF,70.9,3.5,1.3,67,1463,2,2,4,10,5.2,1.2,15.2,22,0,0,0,4,0,0,,4.4
255,Paul,Dummett,Dummett,NEW,DEF,37.7,2.8,0.2,44,1227,0,0,5,4,0.2,0.0,10.0,20,1,0,0,2,0,0,0.0,4.4
256,Javier,Manquillo,Manquillo,NEW,DEF,19.2,2.9,0.2,32,800,0,1,3,4,0.0,0.0,7.4,12,0,0,0,2,0,0,0.0,4.3
257,Florian,Lejeune,Lejeune,NEW,DEF,22.5,4.0,0.0,24,440,2,0,1,1,4.0,0.9,5.5,10,0,0,0,0,0,0,100.0,4.4
258,Jamaal,Lascelles,Lascelles,NEW,DEF,36.1,3.4,3.4,51,1270,1,0,5,3,3.2,0.8,12.1,20,0,0,0,1,0,0,100.0,4.2
259,Ciaran,Clark,Clark,NEW,DEF,44.4,3.7,0.3,48,1104,2,0,4,2,3.5,0.8,11.2,12,0,0,0,3,0,0,100.0,4.3
260,Yoshinori,Muto,Muto,NEW,FWD,3.7,1.1,0.1,8,201,0,0,0,0,0.0,0.0,1.6,6,0,0,0,0,0,0,75.0,5.1
261,Jose Luis,Mato Sanmartín,Joselu,NEW,FWD,0.0,0.0,0.0,0,0,0,0,0,0,0.0,0.0,0.0,0,0,0,0,0,0,0,0.0,5.0
262,Martin,Dubravka,Dubravka,NEW,GKP,74.5,4.0,1.7,99,2250,0,0,7,6,5.0,1.0,19.8,36,0,0,0,0,0,101,,5.0
263,Karl,Darlow,Darlow,NEW,GKP,0.0,0.0,0.1,0,0,0,0,0,0,0.0,0.0,0.0,0,0,0,0,0,0,0,100.0,4.3
264,Frederick,Woodman,Woodman,NEW,GKP,0.0,0.0,0.8,0,0,0,0,0,0,0.0,0.0,0.0,0,0,0,0,0,0,0,0.0,4.0
265,Ayoze,Pérez,Pérez,LEI,MID,133.8,4.7,9.1,104,1433,7,5,6,9,5.2,0.8,16.8,16,0,0,0,0,0,0,,6.2
266,Miguel,Almirón,Almirón,NEW,MID,92.0,2.9,0.8,70,2030,2,1,8,5,4.0,0.7,12.1,32,0,0,0,4,0,0,100.0,5.8
267,Christian,Atsu,Atsu,NEW,MID,36.3,2.0,0.1,36,732,0,3,3,0,1.0,0.2,6.8,14,0,0,0,2,0,0,100.0,5.3
268,Sung-yueng,Ki,Ki Sung-yueng,NEW,MID,5.8,1.3,0.0,4,135,0,0,0,0,0.0,0.0,0.9,6,0,0,0,0,0,0,0.0,4.7
269,Jonjo,Shelvey,Shelvey,NEW,MID,89.6,4.3,0.7,64,1159,5,0,4,9,0.8,0.2,12.8,18,0,0,0,1,0,0,0.0,5.0
270,Sean,Longstaff,Longstaff,NEW,MID,46.3,1.8,0.3,33,1106,0,2,2,0,1.5,0.3,6.6,19,0,0,0,1,1,0,100.0,5.0
271,Isaac,Hayden,Hayden,NEW,MID,61.4,2.6,4.8,54,1781,1,3,5,2,3.8,0.9,12.6,30,0,0,0,4,1,0,100.0,4.3
272,Timm,Klose,Klose,NOR,DEF,0.0,0.0,0.0,0,0,0,0,0,0,0.0,0.0,0.0,0,0,0,0,0,0,0,0.0,4.3
273,Ben,Godfrey,Godfrey,NOR,DEF,42.9,1.3,0.1,24,1564,0,0,2,0,0.8,0.2,5.5,35,0,0,0,1,1,0,100.0,4.4
274,Maximillian,Aarons,Aarons,NOR,DEF,82.3,1.9,1.1,43,2070,0,1,4,1,4.0,0.9,10.0,43,0,0,0,5,0,0,100.0,4.3
275,Christoph,Zimmermann,Zimmermann,NOR,DEF,36.6,2.4,0.0,33,1205,0,1,3,1,3.5,0.8,7.5,20,0,0,0,2,0,0,100.0,4.4
276,Jamal,Lewis,Lewis,NOR,DEF,39.5,1.4,0.2,21,1162,0,0,2,0,0.2,0.0,4.8,28,0,0,0,2,0,0,100.0,4.4
277,Grant,Hanley,Hanley,NOR,DEF,30.0,1.3,2.1,14,901,0,0,1,1,2.2,0.6,3.5,20,1,0,0,2,0,0,100.0,4.0
278,Teemu,Pukki,Pukki,NOR,FWD,184.9,5.0,13.6,119,2131,11,3,5,21,4.8,0.7,18.3,42,0,0,0,3,0,0,100.0,6.5
279,Dennis,Srbeny,Srbeny,NOR,FWD,7.0,1.6,0.0,13,41,1,0,0,1,0.0,0.0,2.5,2,0,0,0,0,0,0,0.0,5.2
280,Tim,Krul,Krul,NOR,GKP,66.7,3.3,2.3,76,2070,0,0,4,9,4.5,1.0,16.9,40,1,2,0,4,0,81,100.0,4.5
281,Michael,McGovern,McGovern,NOR,GKP,6.5,5.5,6.7,11,158,0,0,0,2,0.0,0.0,2.8,6,0,1,0,0,0,7,,4.0
282,Mario,Vrancic,Vrancic,NOR,MID,23.4,1.7,0.1,19,353,1,0,0,1,0.8,0.1,3.1,8,0,0,0,2,0,0,100.0,6.2
283,Emiliano,Buendía,Buendía,NOR,MID,181.5,3.1,0.8,74,1795,0,7,2,10,1.2,0.2,12.3,40,0,0,0,3,0,0,100.0,6.0
284,Onel,Hernández,Hernández,NOR,MID,54.6,1.9,0.1,33,756,1,1,1,0,0.8,0.2,6.2,15,0,0,0,0,0,0,100.0,5.3
285,Marco,Stiepermann,Stiepermann,NOR,MID,50.2,1.4,0.1,24,919,0,0,1,0,0.2,0.0,4.7,24,0,0,0,4,0,0,,5.1
286,Kenny,McLean,McLean,NOR,MID,85.8,2.2,0.2,53,1928,1,1,4,0,2.5,0.5,10.8,40,0,0,0,4,0,0,100.0,4.9
287,Todd,Cantwell,Cantwell,NOR,MID,140.3,3.7,21.7,92,1782,6,2,5,10,2.0,0.4,18.8,36,0,0,0,4,0,0,100.0,4.9
288,Moritz,Leitner,Leitner,NOR,MID,28.8,1.8,0.2,16,683,0,0,1,0,0.0,0.0,3.7,16,0,0,0,1,0,0,100.0,4.3
289,Alexander,Tettey,Tettey,NOR,MID,45.3,2.4,0.3,46,1454,1,1,4,3,2.5,0.6,10.2,25,0,0,0,4,0,0,100.0,4.5
290,Tom,Trybull,Trybull,NOR,MID,32.0,1.8,0.6,25,1022,0,0,2,0,0.0,0.0,5.7,21,0,0,0,2,0,0,100.0,4.4
291,Enda,Stevens,Stevens,SHU,DEF,109.8,3.8,2.9,96,2250,1,2,9,8,4.8,0.9,18.8,23,0,0,0,4,0,0,,5.1
292,Kieron,Freeman,Freeman,SHU,DEF,0.0,0.0,0.1,0,0,0,0,0,0,0.0,0.0,0.0,0,0,0,0,0,0,0,,4.2
293,Jack,O'Connell,O'Connell,SHU,DEF,81.6,3.4,3.2,86,2250,0,1,9,6,4.2,0.9,18.7,23,0,0,0,3,0,0,,4.6
294,George,Baldock,Baldock,SHU,DEF,84.6,4.2,11.6,105,2250,2,4,9,7,3.5,0.7,20.6,23,0,0,0,6,0,0,,5.1
295,John,Egan,Egan,SHU,DEF,67.9,3.3,1.6,80,2148,0,0,9,3,4.0,0.9,17.8,20,0,0,0,2,0,0,100.0,4.5
296,Richard,Stearman,Stearman,SHU,DEF,0.0,0.0,2.2,0,0,0,0,0,0,0.0,0.0,0.0,0,0,0,0,0,0,0,0.0,3.9
297,John,Lundstram,Lundstram,SHU,DEF,100.6,4.5,44.6,108,1937,3,3,8,12,2.5,0.5,21.2,20,0,0,0,4,0,0,100.0,5.0
298,Billy,Sharp,Sharp,SHU,FWD,27.4,1.3,0.3,20,444,1,0,1,3,1.2,0.2,3.6,4,0,0,0,1,1,0,100.0,5.6
299,Jake,Eastwood,Eastwood,SHU,GKP,0.0,0.0,0.1,0,0,0,0,0,0,0.0,0.0,0.0,0,0,0,0,0,0,0,100.0,4.3
300,Mark,Duffy,Duffy,SHU,MID,0.0,0.0,0.0,0,0,0,0,0,0,0.0,0.0,0.0,0,0,0,0,0,0,0,0.0,5.2
301,John,Fleck,Fleck,SHU,MID,133.6,4.0,6.5,87,1918,5,2,7,13,5.5,1.1,17.1,19,0,0,0,7,0,0,100.0,5.1
302,Oliver,Norwood,Norwood,SHU,MID,112.2,2.8,0.4,70,2103,1,2,9,6,3.2,0.7,14.3,23,0,0,0,6,0,0,,4.9
303,David,McGoldrick,McGoldrick,SHU,FWD,81.0,2.1,0.2,40,1314,0,2,5,3,0.2,0.0,7.4,13,0,0,0,2,0,0,75.0,5.4
304,Jannik,Vestergaard,Vestergaard,SOU,DEF,47.0,3.2,2.1,38,1023,1,0,3,6,1.5,0.3,8.3,21,0,0,0,1,0,0,100.0,4.6
305,Ryan,Bertrand,Bertrand,SOU,DEF,72.5,1.9,0.7,39,1662,1,1,3,0,2.2,0.5,8.1,39,0,0,0,3,1,0,100.0,4.8
306,Yan,Valery,Valery,SOU,DEF,17.4,1.1,0.1,9,554,0,1,0,0,0.0,0.0,2.0,18,0,0,0,1,0,0,100.0,4.6
307,Jan,Bednarek,Bednarek,SOU,DEF,57.7,2.2,0.7,53,2157,1,0,4,3,2.0,0.5,12.0,46,0,0,0,3,0,0,100.0,4.4
308,Jack,Stephens,Stephens,SOU,DEF,52.7,3.2,3.0,55,1467,1,3,3,6,3.2,0.7,12.5,27,0,0,0,1,0,0,,4.4
309,Matt,Targett,Targett,AVL,DEF,82.6,3.4,0.9,58,1418,1,3,3,10,2.2,0.5,13.2,26,0,0,0,3,0,0,100.0,4.4
310,Maya,Yoshida,Yoshida,SOU,DEF,17.7,1.2,0.2,10,558,0,0,1,1,0.0,0.0,2.4,18,0,0,0,1,0,0,0.0,4.2
311,Kayne,Ramsay,Ramsay,SOU,DEF,0.0,0.0,1.7,0,0,0,0,0,0,0.0,0.0,0.0,0,0,0,0,0,0,0,0.0,3.9
312,Charlie,Austin,Austin,SOU,FWD,0.0,0.0,0.0,0,0,0,0,0,0,0.0,0.0,0.0,0,0,0,0,0,0,0,0.0,6.0
313,Danny,Ings,Ings,SOU,FWD,187.5,5.1,28.9,128,1705,14,1,2,27,2.5,0.4,18.3,32,0,0,0,2,0,0,,7.0
314,Michael,Obafemi,Obafemi,SOU,FWD,22.3,1.8,0.2,20,373,1,0,2,2,0.8,0.2,4.1,7,0,0,0,0,0,0,100.0,4.9
315,Shane,Long,Long,SOU,FWD,62.6,2.5,1.9,38,808,1,3,1,1,4.0,0.9,8.3,14,0,0,0,0,0,0,100.0,4.6
316,Sam,Gallagher,Gallagher,SOU,FWD,0.0,0.0,0.0,0,0,0,0,0,0,0.0,0.0,0.0,0,0,0,0,0,0,0,0.0,4.5
317,Fraser,Forster,Forster,SOU,GKP,0.0,0.0,0.3,0,0,0,0,0,0,0.0,0.0,0.0,0,0,0,0,0,0,0,0.0,4.3
318,Alex,McCarthy,McCarthy,SOU,GKP,33.9,3.0,3.6,45,1350,0,0,3,1,2.8,0.6,10.2,21,0,0,0,0,0,43,100.0,4.4
319,Angus,Gunn,Gunn,SOU,GKP,22.1,2.9,1.5,29,900,0,0,2,3,0.0,0.0,6.7,25,0,0,0,0,0,30,,4.3
320,Nathan,Redmond,Redmond,SOU,MID,124.2,3.0,0.9,69,1955,3,1,4,5,4.8,0.8,11.1,43,0,0,0,2,0,0,100.0,6.2
321,James,Ward-Prowse,Ward-Prowse,SOU,MID,155.7,3.2,1.6,81,2250,4,3,5,6,2.5,0.4,14.0,46,0,0,1,7,0,0,75.0,5.8
322,Mohamed,Elyounoussi,Elyounoussi,SOU,MID,0.0,0.0,0.0,0,0,0,0,0,0,0.0,0.0,0.0,0,0,0,0,0,0,0,0.0,5.2
323,Stuart,Armstrong,Armstrong,SOU,MID,43.7,2.5,0.1,45,864,2,1,3,4,5.0,1.0,8.7,13,0,0,0,2,0,0,100.0,5.2
324,Mario,Lemina,Lemina,SOU,MID,0.0,0.0,0.1,0,0,0,0,0,0,0.0,0.0,0.0,0,0,0,0,0,0,0,0.0,4.7
325,Pierre-Emile,Højbjerg,Højbjerg,SOU,MID,97.5,2.4,0.4,57,2087,0,3,5,1,2.0,0.4,11.9,42,0,0,0,5,0,0,100.0,4.8
326,Tyreke,Johnson,Johnson,SOU,MID,0.0,0.0,0.0,0,0,0,0,0,0,0.0,0.0,0.0,0,0,0,0,0,0,0,100.0,4.4
327,Callum,Slattery,Slattery,SOU,MID,0.0,0.0,0.3,0,0,0,0,0,0,0.0,0.0,0.0,0,0,0,0,0,0,0,0.0,4.4
328,Oriol,Romeu Vidal,Oriol Romeu,SOU,MID,40.6,1.7,1.6,34,1286,0,0,3,0,1.2,0.3,7.9,32,0,0,0,3,0,0,,4.3
329,Ben,Davies,Davies,TOT,DEF,11.6,1.3,0.1,8,360,0,0,0,0,0.0,0.0,1.5,6,0,0,0,1,0,0,75.0,5.3
330,Jan,Vertonghen,Vertonghen,TOT,DEF,44.1,3.0,1.7,48,1362,1,1,3,4,1.8,0.3,9.2,20,0,0,0,2,0,0,100.0,5.2
331,Toby,Alderweireld,Alderweireld,TOT,DEF,84.1,2.4,4.9,58,2160,0,2,4,2,4.0,0.8,10.9,31,0,0,0,4,0,0,,5.3
332,Danny,Rose,Rose,NEW,DEF,38.9,1.4,1.3,18,902,0,0,1,0,0.8,0.2,3.4,14,0,0,0,5,0,0,100.0,5.3
333,Davinson,Sánchez,Sánchez,TOT,DEF,43.2,1.8,0.9,32,1530,0,0,2,1,2.2,0.4,6.0,23,0,0,0,4,0,0,100.0,5.3
334,Kieran,Trippier,Trippier,TOT,DEF,0.0,0.0,0.1,0,0,0,0,0,0,0.0,0.0,0.0,0,0,0,0,0,0,0,0.0,5.5
335,Juan,Foyth,Foyth,TOT,DEF,3.1,0.8,0.0,3,66,0,0,0,0,0.0,0.0,0.6,3,0,0,0,1,0,0,100.0,4.8
336,Serge,Aurier,Aurier,TOT,DEF,101.7,3.8,6.1,75,1714,0,6,5,11,5.0,1.0,15.0,22,1,0,0,1,1,0,100.0,5.0
337,Kyle,Walker-Peters,Walker-Peters,SOU,DEF,11.6,1.7,0.6,5,241,0,0,0,0,0.0,0.0,1.1,4,0,0,0,0,0,0,100.0,4.4
338,Harry,Kane,Kane,TOT,FWD,151.8,5.2,8.8,104,1778,11,2,2,16,0.0,0.0,9.6,29,0,0,0,2,0,0,0.0,10.8
339,Vincent,Janssen,Janssen,TOT,FWD,0.0,0.0,0.1,0,0,0,0,0,0,0.0,0.0,0.0,0,0,0,0,0,0,0,0.0,4.5
340,Hugo,Lloris,Lloris,TOT,GKP,26.6,4.4,3.4,40,728,0,0,2,3,4.2,0.8,7.5,9,0,1,0,0,0,36,100.0,5.3
341,Paulo,Gazzaniga,Gazzaniga,TOT,GKP,45.0,3.4,2.8,57,1522,0,0,2,6,4.2,0.9,12.7,23,0,1,0,1,0,58,,4.4
342,Heung-Min,Son,Son,TOT,MID,166.8,5.5,9.5,109,1654,7,9,4,10,5.0,0.5,11.0,23,0,0,0,0,2,0,100.0,10.0
343,Christian,Eriksen,Eriksen,TOT,MID,83.3,2.4,2.5,48,1090,2,2,1,6,1.0,0.1,5.6,18,0,0,0,5,0,0,0.0,8.6
344,Bamidele,Alli,Alli,TOT,MID,118.1,5.3,5.6,96,1484,7,4,4,12,5.2,0.6,11.3,18,0,0,0,2,0,0,100.0,8.5
345,Lucas,Rodrigues Moura da Silva,Lucas Moura,TOT,MID,111.2,3.0,4.8,69,1360,4,3,3,1,3.2,0.5,9.7,16,0,0,0,2,0,0,,7.1
346,Erik,Lamela,Lamela,TOT,MID,66.6,2.8,1.2,42,825,2,2,3,2,2.0,0.4,7.4,9,0,0,0,2,0,0,75.0,5.7
347,Harry,Winks,Winks,TOT,MID,45.1,1.6,0.3,31,1319,0,0,3,0,2.0,0.4,6.0,20,0,0,0,6,0,0,100.0,5.2
348,Victor,Wanyama,Wanyama,TOT,MID,0.2,0.5,0.1,1,24,0,0,0,0,0.0,0.0,0.2,2,0,0,0,1,0,0,100.0,4.8
349,Moussa,Sissoko,Sissoko,TOT,MID,61.1,2.5,1.3,49,1688,2,1,3,0,0.0,0.0,10.2,25,0,0,0,6,0,0,0.0,4.8
350,Eric,Dier,Dier,TOT,MID,24.2,1.5,0.2,17,651,0,1,1,0,0.5,0.1,3.5,12,0,0,0,4,0,0,100.0,4.8
351,Luke,Amos,Amos,TOT,MID,0.0,0.0,0.0,0,0,0,0,0,0,0.0,0.0,0.0,0,0,0,0,0,0,0,0.0,4.5
352,Oliver,Skipp,Skipp,TOT,MID,0.5,1.0,0.6,3,12,0,0,0,0,0.0,0.0,0.7,0,0,0,0,0,0,0,,4.3
353,José,Holebas,Holebas,WAT,DEF,43.8,1.3,0.7,16,1004,0,0,2,0,0.0,0.0,3.5,26,0,0,0,5,0,0,100.0,4.6
354,Christian,Kabasele,Kabasele,WAT,DEF,33.4,3.2,0.5,48,1215,0,1,6,3,0.5,0.1,11.2,14,0,0,0,1,2,0,100.0,4.3
355,Adam,Masina,Masina,WAT,DEF,35.4,2.8,0.2,36,861,1,0,4,1,5.0,1.2,8.4,14,0,0,0,3,0,0,100.0,4.3
356,Adrian,Mariappa,Mariappa,WAT,DEF,28.7,1.8,0.4,25,1136,0,0,3,1,3.8,0.9,6.0,24,0,0,0,1,1,0,100.0,4.2
357,Francisco,Femenía Far,Kiko Femenía,WAT,DEF,47.8,1.7,0.4,29,1344,0,0,3,0,0.0,0.0,6.9,28,0,0,0,4,0,0,50.0,4.2
358,Craig,Cathcart,Cathcart,WAT,DEF,45.2,2.9,3.3,66,1993,0,0,8,3,3.2,0.7,15.0,28,0,0,0,5,0,0,100.0,4.4
359,Daryl,Janmaat,Janmaat,WAT,DEF,27.1,4.5,0.6,36,606,0,1,4,7,0.0,0.0,9.0,5,1,0,0,1,0,0,0.0,4.0
360,Marc,Navarro,Navarro,WAT,DEF,0.0,0.0,0.3,0,0,0,0,0,0,0.0,0.0,0.0,0,0,0,0,0,0,0,0.0,3.9
361,Sebastian,Prödl,Prödl,WAT,DEF,1.0,1.0,1.1,1,56,0,0,0,0,0.0,0.0,0.3,0,0,0,0,0,0,0,0.0,3.9
362,Troy,Deeney,Deeney,WAT,FWD,102.2,3.8,2.3,53,1173,5,1,5,8,5.2,0.8,8.4,15,0,0,1,3,0,0,100.0,6.3
363,Gerard,Deulofeu,Deulofeu,WAT,FWD,186.6,3.3,3.1,83,1886,4,5,8,9,3.5,0.6,13.6,29,0,0,0,3,0,0,100.0,6.1
364,Andre,Gray,Gray,WAT,FWD,50.1,1.8,0.4,35,706,2,1,0,2,1.2,0.2,6.4,17,0,0,0,1,0,0,,5.5
365,Isaac,Success Ajayi,Success,WAT,FWD,3.7,0.8,0.3,4,65,0,0,0,0,0.0,0.0,0.8,3,0,0,0,1,0,0,100.0,4.8
366,Ben,Foster,Foster,WAT,GKP,63.0,4.0,4.9,99,2250,0,0,8,15,4.5,0.9,20.2,39,0,0,0,1,0,79,,4.9
367,Pontus,Dahlberg,Dahlberg,WAT,GKP,0.0,0.0,0.1,0,0,0,0,0,0,0.0,0.0,0.0,0,0,0,0,0,0,0,0.0,4.3
368,Abdoulaye,Doucouré,Doucouré,WAT,MID,120.4,3.1,2.5,75,2096,3,2,8,7,4.8,0.8,13.2,37,1,0,0,7,0,0,100.0,5.7
369,Roberto,Pereyra,Pereyra,WAT,MID,67.6,2.3,0.7,44,1045,3,0,4,0,4.0,0.7,7.9,13,0,0,0,3,0,0,100.0,5.6
370,Will,Hughes,Hughes,WAT,MID,48.3,2.5,0.3,42,1154,1,1,4,3,0.0,0.0,7.9,22,0,0,0,3,0,0,100.0,5.3
371,Tom,Cleverley,Cleverley,WAT,MID,47.5,2.7,0.1,24,645,1,0,1,2,0.0,0.0,5.0,17,0,0,0,0,0,0,100.0,4.8
372,Ken,Sema,Sema,WAT,MID,0.0,0.0,0.0,0,0,0,0,0,0,0.0,0.0,0.0,0,0,0,0,0,0,0,0.0,4.8
373,Etienne,Capoue,Capoue,WAT,MID,59.9,2.4,0.3,48,1778,0,2,6,2,2.2,0.5,10.0,35,0,0,0,6,0,0,100.0,4.8
374,Nathaniel,Chalobah,Chalobah,WAT,MID,27.2,1.9,0.2,27,770,0,1,2,2,2.2,0.5,6.1,10,0,0,0,1,0,0,75.0,4.4
375,Domingos,Quina,Quina,WAT,MID,1.5,1.0,0.1,4,18,0,0,0,0,0.2,0.0,0.9,2,0,0,0,0,0,0,100.0,4.4
376,Aaron,Cresswell,Cresswell,WHU,DEF,76.1,3.1,1.4,58,1663,3,0,4,5,1.2,0.3,12.3,33,0,0,0,6,0,0,100.0,4.7
377,Angelo,Ogbonna,Ogbonna,WHU,DEF,54.2,3.0,1.4,59,1800,2,0,6,0,0.4,0.1,13.1,29,1,0,0,4,0,0,100.0,4.5
378,Arthur,Masuaku,Masuaku,WHU,DEF,40.0,1.8,0.5,25,818,0,1,2,3,0.8,0.2,6.0,16,0,0,0,2,1,0,100.0,4.2
379,Pablo,Zabaleta,Zabaleta,WHU,DEF,16.9,1.0,0.5,9,558,0,0,0,0,0.6,0.1,2.1,13,0,0,0,2,0,0,,4.2
380,Ryan,Fredericks,Fredericks,WHU,DEF,64.5,2.9,0.4,56,1627,0,2,6,5,0.2,0.0,12.7,29,0,0,0,5,0,0,100.0,4.4
381,Issa,Diop,Diop,WHU,DEF,49.7,2.3,2.1,43,1595,2,0,3,2,3.0,0.7,9.8,35,0,0,0,7,0,0,100.0,4.4
382,Fabián,Balbuena,Balbuena,WHU,DEF,41.5,2.8,0.4,36,1081,1,0,3,3,0.4,0.1,8.4,22,0,0,0,2,0,0,,4.3
383,Winston,Reid,Reid,WHU,DEF,0.0,0.0,5.1,0,0,0,0,0,0,0.0,0.0,0.0,0,0,0,0,0,0,0,100.0,4.0
384,Ben,Johnson,Johnson,WHU,DEF,0.0,0.0,1.7,0,0,0,0,0,0,0.0,0.0,0.0,0,0,0,0,0,0,0,,3.9
385,Marko,Arnautovic,Arnautovic,WHU,FWD,0.0,0.0,0.1,0,0,0,0,0,0,0.0,0.0,0.0,0,0,0,0,0,0,0,0.0,7.0
386,Javier,Hernández Balcázar,Chicharito,WHU,FWD,7.7,4.5,0.3,9,106,1,0,0,2,0.0,0.0,1.5,4,0,0,0,0,0,0,0.0,6.0
387,Alexandre Nascimento,Costa Silva,Xande Silva,WHU,FWD,0.0,0.0,0.9,0,0,0,0,0,0,0.0,0.0,0.0,0,0,0,0,0,0,0,25.0,4.3
388,Lukasz,Fabianski,Fabianski,WHU,GKP,27.0,4.2,2.1,51,947,0,0,4,5,1.0,0.2,10.4,15,0,1,0,1,0,35,100.0,4.9
389,Michail,Antonio,Antonio,WHU,MID,68.4,2.6,0.7,29,668,1,2,2,0,0.6,0.1,4.2,12,0,0,0,0,0,0,100.0,6.9
390,Felipe Anderson,Pereira Gomes,Felipe Anderson,WHU,MID,111.0,3.0,2.6,57,1337,1,4,6,1,0.4,0.1,8.6,25,0,0,0,1,0,0,0.0,6.6
391,Manuel,Lanzini,Lanzini,WHU,MID,86.1,2.4,0.8,45,1182,0,3,2,3,1.8,0.3,7.3,24,0,0,0,0,0,0,100.0,6.2
392,Andriy,Yarmolenko,Yarmolenko,WHU,MID,64.2,3.3,0.8,49,822,3,1,3,8,0.0,0.0,9.2,14,0,0,0,2,0,0,0.0,5.3
393,Robert,Snodgrass,Snodgrass,WHU,MID,123.6,3.9,1.2,78,1329,5,4,3,8,5.4,1.0,15.0,28,0,0,0,4,0,0,100.0,5.2
394,Jack,Wilshere,Wilshere,WHU,MID,1.4,1.0,0.2,6,174,0,0,0,0,0.0,0.0,1.3,4,0,0,0,0,0,0,0.0,4.7
395,Declan,Rice,Rice,WHU,MID,77.6,2.2,1.6,56,2250,0,1,6,1,2.0,0.4,11.9,43,0,0,0,4,0,0,,4.7
396,Mark,Noble,Noble,WHU,MID,71.6,3.5,1.9,77,1789,4,2,6,6,3.0,0.6,15.4,30,0,0,0,3,0,0,100.0,5.0
397,Carlos,Sánchez,Carlos Sánchez,WHU,MID,1.1,1.2,0.5,7,112,0,0,0,0,0.0,0.0,1.6,2,0,0,0,0,0,0,,4.3
398,Grady,Diangana,Diangana,WHU,MID,0.0,0.0,0.1,0,0,0,0,0,0,0.0,0.0,0.0,0,0,0,0,0,0,0,0.0,4.4
399,Pablo,Fornals,Fornals,WHU,MID,72.2,2.3,0.4,55,1238,1,3,4,3,1.0,0.2,9.2,22,0,0,0,1,0,0,,6.0
400,Pedro,Obiang,Obiang,WHU,MID,0.0,0.0,0.0,0,0,0,0,0,0,0.0,0.0,0.0,0,0,0,0,0,0,0,0.0,4.5
401,Matt,Doherty,Doherty,WOL,DEF,101.3,3.6,4.1,83,1787,3,3,4,6,2.5,0.4,13.6,24,0,0,0,1,0,0,100.0,6.1
402,Jonathan,Castro Otto,Jonny,WOL,DEF,87.7,2.6,1.0,62,2024,1,2,4,0,3.2,0.6,11.5,29,0,0,0,4,0,0,,5.4
403,Conor,Coady,Coady,WOL,DEF,42.3,2.6,1.5,64,2250,0,0,5,5,3.2,0.6,12.8,32,0,0,0,2,0,0,,5.0
404,Ryan,Bennett,Bennett,LEI,DEF,16.3,1.9,0.3,21,603,0,0,2,0,0.0,0.0,4.4,9,0,0,0,2,0,0,0.0,4.8
405,Willy,Boly,Boly,WOL,DEF,30.3,4.4,2.0,40,810,0,1,4,7,1.5,0.3,8.5,7,0,0,0,0,1,0,100.0,4.7
406,Rúben Gonçalo,Silva Nascimento Vinagre,Vinagre,WOL,DEF,16.3,1.5,0.2,15,338,0,0,1,0,0.2,0.0,3.6,4,0,0,0,1,0,0,0.0,4.2
407,Romain,Saïss,Saïss,WOL,DEF,76.8,2.2,0.7,47,1623,2,1,3,1,2.5,0.6,10.7,26,0,0,0,7,1,0,100.0,4.4
408,Max,Kilman,Kilman,WOL,DEF,3.7,1.7,2.1,5,184,0,0,0,0,0.2,0.0,1.2,2,0,0,0,0,0,0,,4.0
409,Raúl,Jiménez,Jiménez,WOL,FWD,234.1,5.2,24.7,131,2117,11,6,6,22,6.2,0.8,17.0,29,0,0,0,2,0,0,100.0,7.7
410,Diogo,Jota,Jota,WOL,FWD,134.9,2.7,2.6,56,1467,3,1,4,6,0.8,0.1,9.2,22,0,0,0,3,0,0,100.0,6.1
411,Rui Pedro,dos Santos Patrício,Patrício,WOL,GKP,55.5,3.6,8.8,91,2250,0,0,5,5,3.5,0.7,17.8,32,0,2,0,0,0,66,,5.1
412,John,Ruddy,Ruddy,WOL,GKP,0.0,0.0,0.4,0,0,0,0,0,0,0.0,0.0,0.0,0,0,0,0,0,0,0,,4.3
413,Will,Norris,Norris,WOL,GKP,0.0,0.0,0.6,0,0,0,0,0,0,0.0,0.0,0.0,0,0,0,0,0,0,0,0.0,4.0
414,Rúben Diogo,da Silva Neves,Neves,WOL,MID,80.5,2.4,4.5,61,1952,2,1,5,4,1.8,0.3,11.7,27,0,0,0,6,0,0,100.0,5.2
415,João Filipe Iria,Santos Moutinho,Moutinho,WOL,MID,151.7,3.4,5.2,85,2155,1,7,5,11,3.0,0.6,15.7,30,0,0,0,5,0,0,,5.4
416,Morgan,Gibbs-White,Gibbs-White,WOL,MID,6.2,2.0,0.1,8,122,0,1,0,0,0.2,0.0,1.7,2,0,0,0,0,0,0,100.0,4.7
417,Adama,Traoré,Traoré,WOL,MID,159.9,4.3,20.5,103,1925,4,7,4,14,5.0,0.9,17.8,28,0,0,0,0,0,0,75.0,5.8
418,Hélder,Costa,Costa,WOL,MID,0.0,0.0,0.0,0,0,0,0,0,0,0.0,0.0,0.0,0,0,0,0,0,0,0,0.0,4.9
419,Ivan,Cavaleiro,Cavaleiro,WOL,MID,0.0,0.0,0.0,0,0,0,0,0,0,0.0,0.0,0.0,0,0,0,0,0,0,0,0.0,4.9
420,Leander,Dendoncker,Dendoncker,WOL,MID,67.2,2.5,9.8,62,1998,2,0,4,6,3.8,0.9,14.1,29,1,0,0,2,0,0,100.0,4.4
421,Leandro,Trossard,Trossard,BHA,MID,107.8,3.5,0.6,67,1162,3,5,1,6,3.8,0.7,11.6,22,0,0,0,0,0,0,100.0,5.8
422,André Filipe,Tavares Gomes,André Gomes,EVE,MID,15.8,1.6,0.3,13,584,0,0,2,0,0.0,0.0,2.5,8,0,0,0,3,0,0,0.0,5.2
423,Chris,Basham,Basham,SHU,DEF,60.1,3.2,0.9,79,2162,0,0,9,3,4.2,0.9,17.6,23,0,0,0,4,0,0,,4.5
427,Emiliano,Martínez,Martínez,ARS,GKP,0.0,0.0,0.2,0,0,0,0,0,0,0.0,0.0,0.0,0,0,0,0,0,0,0,,4.3
428,Wesley,Moraes,Wesley,AVL,FWD,108.3,3.2,0.9,67,1782,5,1,6,7,0.0,0.0,12.2,31,0,0,1,3,0,0,0.0,5.5
429,Jed,Steer,Steer,AVL,GKP,0.0,1.0,0.1,1,7,0,0,0,0,0.0,0.0,0.2,0,0,0,0,0,0,0,0.0,4.3
430,Aaron,Lennon,Lennon,BUR,MID,9.5,1.0,0.1,14,476,0,0,0,0,0.5,0.1,3.0,15,0,0,0,3,0,0,100.0,4.6
431,Christian,Pulisic,Pulisic,CHE,MID,132.7,4.4,3.7,70,1069,5,3,3,5,0.0,0.0,10.1,19,0,0,0,0,0,0,50.0,6.9
432,Mateo,Kovacic,Kovacic,CHE,MID,82.6,2.3,0.9,50,1408,1,3,2,4,0.5,0.1,9.4,24,0,0,0,7,0,0,100.0,5.3
433,James,Justin,Justin,LEI,DEF,8.0,2.3,0.1,7,110,0,1,0,0,0.0,0.0,1.5,1,0,0,0,0,0,0,,4.7
434,Josip,Drmic,Drmic,NOR,FWD,8.4,1.4,0.1,14,124,1,0,0,0,0.5,0.1,2.6,3,0,0,0,0,0,0,100.0,5.3
435,Patrick,Roberts,Roberts,NOR,MID,0.5,1.0,0.0,3,24,0,0,0,0,0.0,0.0,0.6,2,0,0,0,0,0,0,0.0,5.1
436,Simon,Moore,Moore,SHU,GKP,0.8,1.0,0.1,1,90,0,0,0,0,0.0,0.0,0.2,3,0,0,0,0,0,2,100.0,4.3
437,Che,Adams,Adams,SOU,FWD,35.1,1.7,0.3,33,684,0,2,3,0,1.8,0.3,6.2,11,0,0,0,0,0,0,,5.3
438,Moussa,Djenepo,Djenepo,SOU,MID,48.4,2.3,0.1,35,752,2,1,1,3,1.0,0.2,6.7,12,0,0,0,4,0,0,75.0,5.2
439,Craig,Dawson,Dawson,WAT,DEF,48.8,1.9,0.2,36,1459,0,0,4,0,3.2,0.7,7.5,26,0,0,0,4,0,0,75.0,4.8
440,José Ángel,Esmorís Tasende,Angeliño,MCI,DEF,31.6,1.8,0.2,11,422,0,1,0,1,0.0,0.0,2.3,7,0,0,0,1,0,0,0.0,4.7
441,Luke,Freeman,Freeman,SHU,MID,13.6,1.2,0.1,11,322,0,0,1,0,0.0,0.0,2.2,4,0,0,0,2,0,0,,5.1
442,Tanguy,Ndombele,Ndombele,TOT,MID,54.2,2.5,2.3,40,817,2,2,1,2,1.0,0.2,6.9,13,0,0,0,2,0,0,100.0,5.8
443,Rodrigo,Hernandez,Rodrigo,MCI,MID,88.0,2.6,1.0,59,1683,2,1,8,3,1.8,0.3,10.9,23,0,0,0,6,0,0,100.0,5.4
444,Phil,Jagielka,Jagielka,SHU,DEF,4.5,1.0,0.4,4,128,0,0,0,0,0.0,0.0,1.0,3,0,0,0,0,0,0,,4.2
445,Tyrone,Mings,Mings,AVL,DEF,71.1,2.6,2.8,55,1822,2,1,3,5,2.5,0.6,12.2,36,0,0,0,5,0,0,100.0,4.5
446,Jack,Stacey,Stacey,BOU,DEF,25.4,2.6,0.1,23,796,0,1,1,3,0.0,0.0,5.3,12,0,0,0,2,0,0,50.0,4.3
447,Erik,Pieters,Pieters,BUR,DEF,41.1,2.8,4.3,42,1233,0,3,3,7,0.0,0.0,9.8,29,0,0,0,1,0,0,100.0,4.3
448,Youri,Tielemans,Tielemans,LEI,MID,126.4,3.7,4.3,88,1953,3,5,8,5,3.2,0.5,14.2,23,0,0,0,1,0,0,,6.2
449,Ralf,Fahrmann,Fahrmann,NOR,GKP,0.4,1.0,0.3,1,21,0,0,0,0,0.0,0.0,0.2,1,0,0,0,0,0,1,100.0,4.4
450,Roberto,Jimenez Gago,Roberto,WHU,GKP,23.9,2.2,0.3,18,686,0,0,0,1,0.0,0.0,4.1,17,1,0,0,0,0,36,0.0,4.4
451,Jay,Rodriguez,Rodriguez,BUR,FWD,54.6,2.1,0.2,50,1039,4,0,2,3,2.5,0.4,8.8,24,0,0,0,1,0,0,100.0,5.7
452,Ezri,Konsa Ngoyo,Konsa,AVL,DEF,40.5,2.2,0.1,29,1050,0,2,2,1,1.8,0.4,6.7,25,0,0,0,0,0,0,75.0,4.3
453,Callum,Robinson,Callum Robinson,SHU,MID,30.4,2.1,0.2,33,669,1,2,2,1,0.5,0.1,6.6,6,0,0,0,1,0,0,0.0,5.0
454,Sam,Byram,Byram,NOR,DEF,59.8,1.9,0.1,31,1266,0,0,3,2,3.8,0.9,7.0,23,0,0,0,4,0,0,,4.4
455,Bjorn,Engels,Engels,AVL,DEF,33.9,2.3,0.4,35,1266,0,0,3,4,0.2,0.0,8.0,25,0,0,0,1,0,0,100.0,4.4
456,Ravel,Morrison,Morrison,SHU,MID,0.2,1.0,0.1,1,12,0,0,0,0,0.0,0.0,0.2,0,0,0,0,0,0,0,0.0,4.6
457,Sébastien,Haller,Haller,WHU,FWD,146.3,3.5,2.8,85,1939,6,3,5,8,2.6,0.4,12.1,36,0,0,0,1,0,0,100.0,7.0
458,Frédéric,Guilbert,Guilbert,AVL,DEF,61.3,2.4,0.6,48,1628,0,2,4,2,1.2,0.3,10.9,27,0,0,0,5,0,0,100.0,4.4
459,Kurt,Zouma,Zouma,CHE,DEF,52.9,1.9,1.6,37,1668,0,0,3,1,0.0,0.0,7.9,26,1,0,0,3,0,0,100.0,4.7
460,Tammy,Abraham,Abraham,CHE,FWD,187.5,5.4,23.1,130,1911,13,5,7,20,3.8,0.5,16.9,26,1,0,0,2,0,0,100.0,7.7
461,Michy,Batshuayi,Batshuayi,CHE,FWD,26.1,1.8,0.5,25,139,1,2,0,1,0.5,0.1,3.8,6,0,0,0,0,0,0,,6.6
462,Robert Kenedy,Nunes do Nascimento,Kenedy,CHE,MID,0.0,0.0,0.0,0,0,0,0,0,0,0.0,0.0,0.0,0,0,0,0,0,0,0,0.0,5.2
463,Mason,Mount,Mount,CHE,MID,181.3,4.0,15.1,99,1979,5,5,7,8,4.2,0.7,16.2,28,0,0,0,3,0,0,100.0,6.1
464,Rhian,Brewster,Brewster,LIV,FWD,0.0,0.0,0.5,0,0,0,0,0,0,0.0,0.0,0.0,0,0,0,0,0,0,0,0.0,4.2
465,Mahmoud Ahmed,Ibrahim Hassan,Trézéguet,AVL,MID,107.2,2.5,1.2,55,1233,3,2,3,2,2.2,0.4,10.6,21,0,0,0,2,1,0,100.0,5.2
466,Joelinton Cássio,Apolinário de Lira,Joelinton,NEW,FWD,96.0,2.2,0.9,56,1935,1,2,5,3,2.0,0.4,10.2,31,0,0,0,4,0,0,75.0,5.5
467,Calum,Chambers,Chambers,ARS,DEF,58.7,3.0,0.7,42,1102,1,1,3,5,0.0,0.0,9.5,15,0,0,0,5,0,0,0.0,4.4
468,Jordan,Ayew,Ayew,CRY,FWD,122.7,3.7,7.9,88,2022,6,1,8,17,3.5,0.7,17.6,24,0,0,0,4,0,0,,5.0
469,Daniel,Ceballos Fernández,Ceballos,ARS,MID,42.9,2.5,3.0,27,659,0,2,1,3,0.0,0.0,5.2,10,0,0,0,0,0,0,100.0,5.2
470,Douglas Luiz,Soares de Paulo,Douglas Luiz,AVL,MID,82.5,2.8,4.0,65,1441,3,2,5,5,3.2,0.7,14.8,31,0,0,0,4,0,0,,4.4
471,Dean,Henderson,Henderson,SHU,GKP,48.4,4.6,15.1,111,2160,0,1,9,11,7.5,1.5,22.2,20,0,1,0,2,0,64,100.0,5.1
472,Ben,Osborn,Osborn,SHU,MID,3.7,1.0,0.0,5,52,0,0,0,0,0.2,0.0,1.1,0,0,0,0,0,0,0,,4.7
473,Jesús,Vallejo Lázaro,Vallejo,WOL,DEF,4.3,0.5,0.2,1,162,0,0,0,0,0.0,0.0,0.2,6,0,0,0,1,0,0,0.0,4.6
474,Lovre,Kalinic,Kalinic,AVL,GKP,0.0,0.0,0.1,0,0,0,0,0,0,0.0,0.0,0.0,0,0,0,0,0,0,0,0.0,4.3
475,Dan,Burn,Burn,BHA,DEF,72.5,2.2,0.2,47,1821,0,0,5,0,0.0,0.0,10.4,29,0,0,0,3,0,0,0.0,4.5
476,Philip,Billing,Billing,BOU,MID,85.9,2.3,0.2,52,1802,1,1,5,5,3.8,0.8,10.4,27,0,0,0,7,0,0,100.0,5.0
477,Lewis,Gibson,Gibson,EVE,DEF,0.0,0.0,0.1,0,0,0,0,0,0,0.0,0.0,0.0,0,0,0,0,0,0,0,0.0,4.3
478,Mason,Holgate,Holgate,EVE,DEF,54.7,2.9,2.7,52,1458,0,4,3,5,4.8,1.1,11.6,24,0,0,0,3,0,0,,4.5
479,Jonas,Lössl,Lössl,EVE,GKP,0.0,0.0,0.3,0,0,0,0,0,0,0.0,0.0,0.0,0,0,0,0,0,0,0,0.0,4.3
480,Andy,King,King,LEI,MID,0.0,0.0,0.3,0,0,0,0,0,0,0.0,0.0,0.0,0,0,0,0,0,0,0,0.0,4.3
481,Axel,Tuanzebe,Tuanzebe,MUN,DEF,2.4,1.4,0.1,7,187,0,0,0,0,0.0,0.0,1.6,3,0,0,0,0,0,0,0.0,4.4
482,Jack,Colback,Colback,NEW,MID,0.0,0.0,0.1,0,0,0,0,0,0,0.0,0.0,0.0,0,0,0,0,0,0,0,0.0,4.4
483,Jacob,Murphy,Murphy,NEW,MID,0.0,0.0,0.0,0,0,0,0,0,0,0.0,0.0,0.0,0,0,0,0,0,0,0,0.0,4.8
484,Philip,Heise,Heise,NOR,DEF,0.0,0.0,0.7,0,0,0,0,0,0,0.0,0.0,0.0,0,0,0,0,0,0,0,0.0,3.9
485,Wesley,Hoedt,Hoedt,SOU,DEF,0.0,0.0,0.0,0,0,0,0,0,0,0.0,0.0,0.0,0,0,0,0,0,0,0,0.0,4.3
486,Cédric,Soares,Cédric,ARS,DEF,59.7,2.7,0.2,43,1306,0,1,3,3,1.4,0.3,9.0,18,0,0,0,1,0,0,25.0,4.8
487,Patrick,Cutrone,Cutrone,WOL,FWD,27.5,1.9,0.5,23,292,2,0,1,0,0.0,0.0,4.2,6,0,0,0,0,0,0,0.0,5.5
488,Nicolas,Pépé,Pépé,ARS,MID,119.2,3.0,2.4,63,1339,3,3,2,5,1.2,0.1,6.9,23,0,0,0,3,0,0,100.0,9.1
489,Reiss,Nelson,Nelson,ARS,MID,27.7,1.8,0.1,18,437,0,1,2,0,0.2,0.0,3.4,4,0,0,0,1,0,0,50.0,5.3
490,Joseph,Willock,Willock,ARS,MID,35.6,1.2,0.2,22,572,0,0,1,0,0.5,0.1,4.6,11,0,0,0,1,0,0,100.0,4.8
491,Marvelous,Nakamba,Nakamba,AVL,MID,40.5,1.7,0.7,31,1426,0,0,1,0,1.5,0.3,7.0,29,0,0,0,3,0,0,100.0,4.4
492,Arnaut,Danjuma Groeneveld,Danjuma,BOU,MID,20.5,2.0,0.0,18,405,0,1,2,0,0.0,0.0,3.1,6,0,0,0,0,0,0,0.0,5.8
493,Adam,Webster,Webster,BHA,DEF,76.6,2.7,0.7,54,1745,3,0,2,5,1.2,0.3,12.3,31,1,0,0,3,0,0,100.0,4.4
494,Aaron,Ramsdale,Ramsdale,BOU,GKP,63.4,3.6,4.1,87,2160,0,1,4,10,2.5,0.5,18.5,35,0,0,0,0,0,83,100.0,4.6
495,Bailey,Peacock-Farrell,Peacock-Farrell,BUR,GKP,0.0,0.0,0.1,0,0,0,0,0,0,0.0,0.0,0.0,0,0,0,0,0,0,0,,4.4
496,Moise,Kean,Kean,EVE,FWD,48.6,1.9,1.5,37,622,1,2,1,3,3.8,0.6,5.8,12,0,0,0,0,0,0,,6.4
497,Jean-Philippe,Gbamin,Gbamin,EVE,MID,2.6,2.0,0.0,4,135,0,0,1,0,0.0,0.0,0.8,0,0,0,0,0,0,0,0.0,4.8
498,Jetro,Willems,Willems,NEW,DEF,74.1,3.4,1.1,64,1492,2,2,3,6,0.8,0.2,14.2,24,0,0,0,0,0,0,0.0,4.5
499,Rolando,Aarons,Aarons,NEW,MID,0.0,0.0,0.0,0,0,0,0,0,0,0.0,0.0,0.0,0,0,0,0,0,0,0,0.0,4.8
500,Allan,Saint-Maximin,Saint-Maximin,NEW,MID,69.9,2.9,0.3,40,983,1,2,4,0,2.2,0.4,7.4,8,0,0,0,0,0,0,100.0,5.4
501,Oliver,McBurnie,McBurnie,SHU,FWD,76.7,2.3,0.2,52,1159,4,0,6,4,3.0,0.5,9.1,13,0,0,0,3,0,0,100.0,5.7
502,Neal,Maupay,Maupay,BHA,FWD,169.7,3.6,2.4,87,1806,7,2,5,12,2.0,0.3,14.7,26,0,0,0,3,0,0,,5.9
503,Gary,Cahill,Cahill,CRY,DEF,55.3,2.5,1.2,40,1440,0,1,3,3,2.2,0.5,9.1,23,0,0,0,1,0,0,100.0,4.4
504,Gabriel Teodoro,Martinelli Silva,Martinelli,ARS,FWD,42.5,2.8,4.0,39,656,3,1,2,5,4.8,1.0,8.5,9,0,0,0,1,0,0,100.0,4.6
505,Harry,Wilson,Harry Wilson,BOU,MID,104.7,3.7,2.2,77,1288,7,0,2,7,3.5,0.6,13.3,25,0,0,0,1,0,0,100.0,5.8
506,Reece,James,James,CHE,DEF,45.3,3.1,0.6,40,765,0,2,3,5,5.0,1.0,8.0,9,0,0,0,1,0,0,100.0,5.0
507,Ibrahim,Amadou,Amadou,NOR,MID,22.7,1.6,0.1,18,756,0,0,1,0,0.2,0.0,4.0,20,0,0,0,1,0,0,0.0,4.5
508,Sofiane,Boufal,Boufal,SOU,MID,51.8,1.8,0.1,29,577,0,3,1,0,0.5,0.1,5.3,13,0,0,0,2,0,0,100.0,5.5
509,Troy,Parrott,Parrott,TOT,FWD,0.0,1.0,0.8,1,5,0,0,0,0,0.0,0.0,0.2,0,0,0,0,0,0,0,,4.3
510,Víctor,Camarasa,Camarasa,CRY,MID,0.0,1.0,0.2,1,5,0,0,0,0,0.0,0.0,0.2,0,0,0,0,0,0,0,0.0,4.5
511,Djibril,Sidibé,Sidibé,EVE,DEF,72.1,3.5,1.8,60,1332,0,4,4,9,2.2,0.4,11.1,20,0,0,0,2,0,0,100.0,5.4
512,Danny,Welbeck,Welbeck,WAT,FWD,12.5,1.3,0.1,8,241,0,0,1,0,0.2,0.0,1.4,3,0,0,0,0,0,0,100.0,5.8
513,Heurelho da Silva,Gomes,Gomes,WAT,GKP,0.0,0.0,0.2,0,0,0,0,0,0,0.0,0.0,0.0,0,0,0,0,0,0,0,,4.4
514,Albian,Ajeti,Ajeti,WHU,FWD,7.3,1.0,0.0,8,128,0,0,0,0,0.2,0.0,1.4,3,0,0,0,0,0,0,,5.7
515,Kieran,Tierney,Tierney,ARS,DEF,16.3,1.0,0.3,5,296,0,0,0,0,0.0,0.0,0.9,6,0,0,0,1,0,0,0.0,5.3
516,Aaron,Mooy,Mooy,BHA,MID,88.7,3.1,0.8,55,1293,2,1,3,9,3.5,0.7,11.5,23,0,0,0,0,1,0,100.0,4.8
517,Dennis,Praet,Praet,LEI,MID,40.8,2.5,0.1,42,715,1,3,1,3,4.0,0.8,7.9,8,0,0,0,0,0,0,,5.3
518,João Pedro Cavaco,Cancelo,Cancelo,MCI,DEF,38.4,2.5,0.8,25,693,0,0,2,3,1.0,0.2,4.8,8,0,0,0,1,0,0,100.0,5.2
519,Emil,Krafth,Krafth,NEW,DEF,12.2,1.9,0.1,21,561,0,0,2,0,1.8,0.4,4.9,12,0,0,0,0,0,0,0.0,4.3
520,Andy,Carroll,Carroll,NEW,FWD,39.9,1.9,0.1,25,507,0,3,2,0,0.2,0.0,4.6,7,0,0,0,1,0,0,75.0,5.4
521,Michael,Verrips,Verrips,SHU,GKP,0.0,0.0,0.0,0,0,0,0,0,0,0.0,0.0,0.0,0,0,0,0,0,0,0,100.0,4.4
522,Muhamed,Bešić,Bešić,SHU,MID,8.5,1.0,0.1,9,243,0,0,0,0,0.5,0.1,2.0,2,0,0,0,2,0,0,100.0,4.4
523,Giovani,Lo Celso,Lo Celso,TOT,MID,35.0,1.5,0.3,22,612,0,0,3,0,2.0,0.3,3.0,6,0,0,0,2,0,0,75.0,7.3
524,Ryan,Sessegnon,Sessegnon,TOT,MID,11.9,1.5,0.1,9,341,0,0,0,0,0.5,0.1,1.7,5,0,0,0,0,0,0,100.0,5.4
525,Ismaïla,Sarr,Sarr,WAT,MID,83.2,3.5,0.5,56,1029,3,3,5,2,2.2,0.4,9.0,14,0,0,0,1,0,0,50.0,6.2
526,Adrián,San Miguel del Castillo,Adrián,LIV,GKP,11.3,2.5,1.9,25,783,0,0,2,0,0.0,0.0,6.1,9,0,0,0,1,0,16,100.0,4.1
527,Georges-Kévin,Nkoudou,Nkoudou,TOT,MID,1.8,1.0,0.0,1,2,0,0,0,0,0.0,0.0,0.2,0,0,0,0,0,0,0,0.0,5.0
528,Pedro,Lomba Neto,Neto,WOL,MID,46.9,2.1,0.2,37,617,2,2,0,0,3.0,0.6,7.4,8,0,0,0,2,0,0,100.0,5.0
529,Fikayo,Tomori,Tomori,CHE,DEF,46.3,3.4,2.2,47,1228,1,0,4,7,0.0,0.0,10.4,16,0,0,0,3,0,0,100.0,4.4
530,Andy,Lonergan,Lonergan,LIV,GKP,0.0,0.0,0.0,0,0,0,0,0,0,0.0,0.0,0.0,0,0,0,0,0,0,0,,4.2
531,Caoimhin,Kelleher,Kelleher,LIV,GKP,0.0,0.0,0.0,0,0,0,0,0,0,0.0,0.0,0.0,0,0,0,0,0,0,0,100.0,4.4
532,Kevin,Danso,Danso,SOU,DEF,8.9,1.5,0.0,9,275,0,1,1,0,0.0,0.0,2.1,8,0,0,0,0,1,0,100.0,4.2
533,Billy,Gilmour,Gilmour,CHE,MID,1.5,1.0,0.0,2,9,0,0,0,0,0.0,0.0,0.4,1,0,0,0,0,0,0,100.0,4.5
534,Aaron,Connolly,Connolly,BHA,FWD,49.2,2.5,1.2,40,812,2,2,3,3,0.8,0.2,9.3,13,0,0,0,0,0,0,100.0,4.3
535,Daniel,N'Lundulu,N'Lundulu,SOU,FWD,0.0,0.0,0.1,0,0,0,0,0,0,0.0,0.0,0.0,0,0,0,0,0,0,0,,4.5
536,Tudor,Baluta,Baluta,BHA,DEF,0.0,0.0,0.2,0,0,0,0,0,0,0.0,0.0,0.0,0,0,0,0,0,0,0,0.0,4.0
537,Steven,Alzate,Alzate,BHA,MID,59.5,1.8,0.1,31,1144,0,0,3,0,1.2,0.3,6.9,18,0,0,0,1,0,0,75.0,4.5
538,Adam,Idah,Idah,NOR,FWD,0.9,1.5,0.1,3,65,0,0,0,0,0.5,0.1,0.7,3,0,0,0,0,0,0,,4.4
539,Jairo,Riedewald,Riedewald,CRY,MID,15.2,1.6,0.0,13,562,0,0,0,0,1.5,0.3,2.9,7,0,0,0,0,0,0,100.0,4.5
540,Matthew,Longstaff,Matthew Longstaff,NEW,MID,18.2,3.6,0.2,25,544,2,0,1,2,1.0,0.2,5.6,9,0,0,0,1,0,0,,4.5
541,Bukayo,Saka,Saka,ARS,MID,42.0,1.9,0.6,28,920,0,2,2,0,2.0,0.4,6.2,10,0,0,0,3,0,0,75.0,4.5
542,Dimitri,Foulquier,Foulquier,WAT,DEF,1.0,0.3,0.1,1,57,0,0,0,0,0.0,0.0,0.2,6,0,0,0,0,0,0,0.0,4.0
543,Alfie,Whiteman,Whiteman,TOT,GKP,0.0,0.0,0.5,0,0,0,0,0,0,0.0,0.0,0.0,0,0,0,0,0,0,0,,4.0
544,Eric,Garcia,Garcia,MCI,DEF,6.4,1.8,0.1,11,269,0,0,1,0,0.2,0.0,2.4,5,0,0,0,0,0,0,,4.5
545,Addji Keaninkin Marc-Israel,Guehi,Guehi,CHE,DEF,0.0,0.0,0.1,0,0,0,0,0,0,0.0,0.0,0.0,0,0,0,0,0,0,0,0.0,4.0
546,Ezequiel,Schelotto,Schelotto,BHA,DEF,2.5,1.0,0.5,5,141,0,0,0,0,0.2,0.0,1.2,4,0,0,0,0,0,0,,4.0
547,Leon,Clarke,Clarke,SHU,FWD,0.3,1.0,0.1,1,13,0,0,0,0,0.0,0.0,0.2,0,0,0,0,0,0,0,,4.4
548,Harry,Lewis,Lewis,SOU,GKP,0.0,0.0,0.2,0,0,0,0,0,0,0.0,0.0,0.0,0,0,0,0,0,0,0,,4.0
549,Brandon,Williams,Williams,MUN,DEF,29.8,3.0,5.3,27,590,1,1,2,1,3.2,0.8,6.6,9,0,0,0,4,0,0,,4.1
550,Harvey,Elliott,Elliott,LIV,MID,0.0,1.0,0.0,1,1,0,0,0,0,0.0,0.0,0.2,0,0,0,0,0,0,0,100.0,4.5
551,Archie,Mair,Mair,NOR,GKP,0.0,0.0,0.1,0,0,0,0,0,0,0.0,0.0,0.0,0,0,0,0,0,0,0,,4.0
552,Akin,Famewo,Famewo,NOR,DEF,0.0,0.0,0.1,0,0,0,0,0,0,0.0,0.0,0.0,0,0,0,0,0,0,0,0.0,4.0
553,David,Martin,Martin,WHU,GKP,11.2,4.0,1.8,20,435,0,0,2,2,0.4,0.1,4.9,6,0,0,0,1,0,15,100.0,4.1
554,Dwight,Gayle,Gayle,NEW,FWD,7.3,1.3,0.0,12,178,0,1,0,0,1.0,0.2,2.4,6,0,0,0,0,0,0,75.0,5.0
555,Michel,Vorm,Vorm,TOT,GKP,0.0,0.0,0.0,0,0,0,0,0,0,0.0,0.0,0.0,0,0,0,0,0,0,0,100.0,4.3
556,Stephen,Henderson,Henderson,CRY,GKP,0.0,0.0,0.4,0,0,0,0,0,0,0.0,0.0,0.0,0,0,0,0,0,0,0,,4.0
557,Beni,Baningime,Baningime,EVE,MID,0.0,0.0,0.0,0,0,0,0,0,0,0.0,0.0,0.0,0,0,0,0,0,0,0,100.0,4.5
558,Brandon,Austin,Austin,TOT,GKP,0.0,0.0,0.2,0,0,0,0,0,0,0.0,0.0,0.0,0,0,0,0,0,0,0,,4.0
559,Bernard,Ashley-Seal,Ashley-Seal,WOL,FWD,0.0,0.0,0.1,0,0,0,0,0,0,0.0,0.0,0.0,0,0,0,0,0,0,0,0.0,4.5
560,Taylor,Perry,Perry,WOL,MID,0.0,0.0,0.0,0,0,0,0,0,0,0.0,0.0,0.0,0,0,0,0,0,0,0,,4.5
561,Anthony,Gordon,Gordon,EVE,FWD,2.0,1.0,0.0,1,45,0,0,0,0,0.2,0.0,0.2,0,0,0,0,0,0,0,,4.5
562,Scott,Carson,Carson,MCI,GKP,0.0,0.0,0.1,0,0,0,0,0,0,0.0,0.0,0.0,0,0,0,0,0,0,0,,4.0
563,Ayotomiwa,Dele-Bashiru,Dele-Bashiru,WAT,MID,0.0,0.0,0.0,0,0,0,0,0,0,0.0,0.0,0.0,0,0,0,0,0,0,0,100.0,4.5
564,Christian,Saydee,Saydee,BOU,MID,0.0,0.0,0.0,0,0,0,0,0,0,0.0,0.0,0.0,0,0,0,0,0,0,0,,4.5
565,Gavin,Kilkenny,Kilkenny,BOU,MID,0.0,0.0,0.0,0,0,0,0,0,0,0.0,0.0,0.0,0,0,0,0,0,0,0,,4.5
566,Owen,Otasowie,Otasowie,WOL,MID,0.0,0.0,0.0,0,0,0,0,0,0,0.0,0.0,0.0,0,0,0,0,0,0,0,,4.5
567,Luke,Cundle,Cundle,WOL,MID,0.0,0.0,0.0,0,0,0,0,0,0,0.0,0.0,0.0,0,0,0,0,0,0,0,,4.5
568,Nathan,Holland,Holland,WHU,MID,2.5,1.0,0.0,2,31,0,0,0,0,0.0,0.0,0.5,1,0,0,0,0,0,0,0.0,4.4
569,Curtis,Jones,Jones,LIV,MID,1.1,1.0,0.0,2,19,0,0,0,0,0.2,0.0,0.4,0,0,0,0,0,0,0,,4.5
570,Oumar,Niasse,Niasse,EVE,FWD,0.9,1.0,0.0,3,19,0,0,0,0,0.5,0.1,0.7,2,0,0,0,0,0,0,,4.5
571,Mace,Goodridge,Goodridge,BUR,MID,0.0,0.0,0.0,0,0,0,0,0,0,0.0,0.0,0.0,0,0,0,0,0,0,0,,4.5
572,Anthony,Driscoll-Glennon,Driscoll-Glennon,BUR,DEF,0.0,0.0,0.0,0,0,0,0,0,0,0.0,0.0,0.0,0,0,0,0,0,0,0,0.0,4.0
573,Robert,Elliot,Elliot,NEW,GKP,0.0,0.0,0.1,0,0,0,0,0,0,0.0,0.0,0.0,0,0,0,0,0,0,0,,4.0
574,Mihai-Alexandru,Dobre,Dobre,BOU,MID,0.0,0.0,0.0,0,0,0,0,0,0,0.0,0.0,0.0,0,0,0,0,0,0,0,0.0,4.5
575,Neco,Williams,Williams,LIV,DEF,0.0,0.0,0.0,0,0,0,0,0,0,0.0,0.0,0.0,0,0,0,0,0,0,0,,4.0
576,Emile,Smith Rowe,Smith Rowe,ARS,MID,1.6,2.0,0.0,4,96,0,0,1,0,0.0,0.0,0.9,0,0,0,0,0,0,0,0.0,4.3
577,Rhu-endly,Martina,Cuco Martina,EVE,DEF,0.0,0.0,0.0,0,0,0,0,0,0,0.0,0.0,0.0,0,0,0,0,0,0,0,,4.0
578,Sam,Woods,Woods,CRY,DEF,0.0,0.0,0.0,0,0,0,0,0,0,0.0,0.0,0.0,0,0,0,0,0,0,0,0.0,4.0
579,Tyrick,Mitchell,Mitchell,CRY,DEF,0.0,0.0,0.0,0,0,0,0,0,0,0.0,0.0,0.0,0,0,0,0,0,0,0,,4.0
580,Brandon,Pierrick,Pierrick,CRY,MID,2.7,1.0,0.0,1,7,0,0,0,0,0.0,0.0,0.2,0,0,0,0,0,0,0,,4.5
581,James,Daly,Daly,CRY,FWD,0.0,0.0,0.0,0,0,0,0,0,0,0.0,0.0,0.0,0,0,0,0,0,0,0,0.0,4.5
582,Joseph,Anang,Anang,WHU,GKP,0.0,0.0,0.1,0,0,0,0,0,0,0.0,0.0,0.0,0,0,0,0,0,0,0,,4.0
583,Japhet,Tanganga,Tanganga,TOT,DEF,9.7,4.3,2.0,13,270,0,0,2,0,3.2,0.8,3.2,1,0,0,0,1,0,0,,4.0
584,William,Smallbone,Smallbone,SOU,MID,0.0,0.0,0.0,0,0,0,0,0,0,0.0,0.0,0.0,0,0,0,0,0,0,0,,4.5
585,Tyreece,John-Jules,John-Jules,ARS,FWD,0.0,0.0,0.0,0,0,0,0,0,0,0.0,0.0,0.0,0,0,0,0,0,0,0,0.0,4.5
586,Tariq,Lamptey,Lamptey,BHA,DEF,0.0,1.0,0.1,1,31,0,0,0,0,0.0,0.0,0.2,0,0,0,0,0,0,0,,4.0
587,Oskar,Buur,Buur,WOL,DEF,0.0,0.0,0.0,0,0,0,0,0,0,0.0,0.0,0.0,0,0,0,0,0,0,0,,4.0
588,Nya,Kirby,Kirby,CRY,MID,0.0,0.0,0.0,0,0,0,0,0,0,0.0,0.0,0.0,0,0,0,0,0,0,0,,4.5
589,Nathaniel,Phillips,Phillips,LIV,DEF,0.0,0.0,0.0,0,0,0,0,0,0,0.0,0.0,0.0,0,0,0,0,0,0,0,0.0,4.0
590,Takumi,Minamino,Minamino,LIV,MID,2.1,1.0,0.1,2,66,0,0,0,0,0.4,0.1,0.3,1,0,0,0,0,0,0,,6.5
591,Jack,Rodwell,Rodwell,SHU,MID,0.0,0.0,0.0,0,0,0,0,0,0,0.0,0.0,0.0,0,0,0,0,0,0,0,,4.5
592,João Pedro,Junqueira de Jesus,João Pedro,WAT,FWD,0.0,0.0,0.0,0,0,0,0,0,0,0.0,0.0,0.0,0,0,0,0,0,0,0,100.0,4.9
593,Jeremy,Ngakia,Ngakia,WHU,DEF,1.0,1.0,0.0,1,90,0,0,0,0,0.2,0.0,0.2,2,0,0,0,0,0,0,,4.0
594,Gonçalo Bento,Soares Cardoso,Cardoso,WHU,DEF,0.0,0.0,0.0,0,0,0,0,0,0,0.0,0.0,0.0,0,0,0,0,0,0,0,,4.0
595,Bernardo,Costa Da Rosa,Rosa,WHU,MID,0.0,0.0,0.0,0,0,0,0,0,0,0.0,0.0,0.0,0,0,0,0,0,0,0,,4.5
596,Abd-Al-Ali Morakinyo Olaposi,Koiki,Koiki,BUR,DEF,0.0,0.0,0.0,0,0,0,0,0,0,0.0,0.0,0.0,0,0,0,0,0,0,0,,4.0
597,Filip,Benkovic,Benkovic,LEI,DEF,0.0,0.0,0.0,0,0,0,0,0,0,0.0,0.0,0.0,0,0,0,0,0,0,0,0.0,4.0
598,Thomas,Allan,Allan,NEW,MID,0.0,0.0,0.0,0,0,0,0,0,0,0.0,0.0,0.0,0,0,0,0,0,0,0,,4.5
599,Kelland,Watts,Watts,NEW,DEF,0.0,0.0,0.0,0,0,0,0,0,0,0.0,0.0,0.0,0,0,0,0,0,0,0,0.0,4.0
600,Indiana,Vassilev,Vassilev,AVL,MID,0.7,1.0,0.0,2,36,0,0,0,0,0.5,0.1,0.4,0,0,0,0,0,0,0,,4.5
601,Ondrej,Duda,Duda,NOR,MID,24.1,3.7,0.1,11,257,0,1,2,0,3.7,0.7,2.2,2,0,0,0,0,0,0,,5.0
602,Lukas,Rupp,Rupp,NOR,MID,11.7,2.0,0.0,6,174,0,0,1,0,2.0,0.4,1.3,2,0,0,0,0,0,0,,4.5
603,José,Reina,Reina,AVL,GKP,5.3,2.0,0.4,6,270,0,0,0,0,2.0,0.4,1.3,4,0,0,0,0,0,6,,4.5
604,Ignacio,Pussetto,Pussetto,WAT,MID,1.8,1.0,0.0,3,24,0,0,0,0,1.0,0.2,0.6,2,0,0,0,0,0,0,,4.9
605,Gedson,Carvalho Fernandes,Fernandes,TOT,MID,2.1,1.0,0.0,2,25,0,0,0,0,0.7,0.1,0.4,0,0,0,0,0,0,0,,4.9
606,Darren,Randolph,Randolph,WHU,GKP,4.9,1.5,0.1,3,180,0,0,0,0,0.8,0.2,0.7,5,0,0,0,0,0,6,,4.3
607,Ryan,Giles,Giles,WOL,DEF,0.0,0.0,0.0,0,0,0,0,0,0,0.0,0.0,0.0,0,0,0,0,0,0,0,0.0,4.0
608,Giovanni,McGregor,McGregor,CRY,MID,0.0,0.0,0.0,0,0,0,0,0,0,0.0,0.0,0.0,0,0,0,0,0,0,0,0.0,4.5
609,Bruno André,Cavaco Jordao,Jordao,WOL,MID,0.0,0.0,0.0,0,0,0,0,0,0,0.0,0.0,0.0,0,0,0,0,0,0,0,,4.5
610,Liam,Gibson,Gibson,NEW,DEF,0.0,0.0,0.0,0,0,0,0,0,0,0.0,0.0,0.0,0,0,0,0,0,0,0,,4.0
611,Jack,Robinson,Jack Robinson,SHU,DEF,0.0,0.0,0.0,0,0,0,0,0,0,0.0,0.0,0.0,0,0,0,0,0,0,0,,4.0
612,Nabil,Bentaleb,Bentaleb,NEW,MID,5.9,2.0,0.0,2,90,0,0,1,0,2.0,0.4,0.4,0,0,0,0,1,0,0,,5.0
613,Mbwana,Samatta,Samatta,AVL,FWD,13.7,8.0,0.2,8,90,1,0,0,2,8.0,1.3,1.3,2,0,0,0,0,0,0,,6.0
614,Valentino,Lazaro,Lazaro,NEW,MID,0.6,1.0,0.0,1,36,0,0,0,0,1.0,0.2,0.2,0,0,0,0,0,0,0,,5.5
615,Steven,Bergwijn,Bergwijn,TOT,MID,6.2,10.0,1.1,10,69,1,0,1,2,10.0,1.3,1.3,0,0,0,0,0,0,0,,7.5
616,Tomas,Soucek,Soucek,WHU,MID,7.3,2.0,0.0,2,84,0,0,0,0,2.0,0.4,0.4,3,0,0,0,0,0,0,,5.0
617,Pablo,Marí,Marí,ARS,DEF,0.0,0.0,0.0,0,0,0,0,0,0,0.0,0.0,0.0,0,0,0,0,0,0,0,,5.0
618,Bruno Miguel,Borges Fernandes,Fernandes,MUN,MID,6.4,2.0,2.2,2,90,0,0,1,0,2.0,0.2,0.2,0,0,0,0,1,0,0,,8.0
619,Daniel,Castelo Podence,Podence,WOL,MID,4.0,1.0,0.0,1,14,0,0,0,0,1.0,0.2,0.2,0,0,0,0,0,0,0,,5.5
620,Josh,Brownhill,Brownhill,BUR,MID,0.0,0.0,0.0,0,0,0,0,0,0,0.0,0.0,0.0,0,0,0,0,0,0,0,,5.0
621,Sander,Berge,Berge,SHU,MID,1.9,3.0,0.1,3,67,0,0,1,0,3.0,0.6,0.6,0,0,0,0,0,0,0,,5.0
622,Richairo,Zivkovic,Zivkovic,SHU,FWD,0.0,0.0,0.0,0,0,0,0,0,0,0.0,0.0,0.0,0,0,0,0,0,0,0,,5.0
623,Borja,González Tomás,Bastón,AVL,FWD,0.0,0.0,0.0,0,0,0,0,0,0,0.0,0.0,0.0,0,0,0,0,0,0,0,,5.5
624,Odion,Ighalo,Ighalo,MUN,FWD,0.0,0.0,0.2,0,0,0,0,0,0,0.0,0.0,0.0,0,0,0,0,0,0,0,,6.5
625,Panagiotis,Retsos,Retsos,SHU,DEF,0.0,0.0,0.0,0,0,0,0,0,0,0.0,0.0,0.0,0,0,0,0,0,0,0,,4.5
626,Jarrod,Bowen,Bowen,WHU,MID,0.0,0.0,0.0,0,0,0,0,0,0,0.0,0.0,0.0,0,0,0,0,0,0,0,,6.5
